Александръ;1858
Василій;1845
Григорій;1845
Иванъ;1845
Иванъ;1845
Иванъ;1854
Игнатій;1842
Климентъ;1845
Юстінъ;1845
Dymitr;1922
Jerzy;1922
Jan;1922
Jan;1922
Mikołaj;1922
Aleksander;1922
Włodzimierz;1922
Włodzimierz;1922
Arsenjusz;1922
Aleksander;1922
Jerzy;1922
Włodzimierz;1922
Aleksander;1922
Jerzy;1922
Mikołaj;1922
Witaljusz;1922
Адамъ;1838
Адріанъ;1843
Викторъ;1838
Гавріилъ;1854
Емильянъ;1867
Михаилъ;1867
Николай;1867
Сильвестръ;1841
Борисъ;1904
Евгеній;1904
Людвикъ;1830
Ѳеодоръ;1841
Лудвикъ;1838
Ѳеодоръ;1841
Анатолій;1924
Димитрій;1904
Петръ;1904
Николай;1904
Александръ;1852
Антоній;1836
Иосифъ;1902
Константинъ;1892
Николай;1848
Олегъ;1889
Осипъ;1842
Петръ;1892
Станиславъ;1902
Адольфъ;1839
Иванъ;1838
Иванъ;1841
Иванъ;1904
Оттонъ;1838
Альфонсъ;1839
Антонъ;1840
Михайло;1839
Семенъ;1839
Георгій;1924
Димитрій;1856
Константинъ;1856
Константинъ;1924
Павелъ;1885
Константинъ;1904
Борисъ;1924
Алексѣй;1924
Африканъ;1845
Владимиръ;1856
Доримедонтъ;1845
Михаилъ;1892
Николай;1857
Николай;1857
Сергѣй;1910
Николай;1846
Николай;1846
Вячеславъ;1895
Димитрій;1904
Іаннуарій;1839
Яковъ;1840
Яковъ;1845
Адріанъ;1858
Александръ;1879
Григорий;1842
Климъ;1838
Семенъ;1845
Фома;1845
Адріанъ;1852
Александръ;1866
Григорій;1856
Екимъ;1836
Игнатій;1836
Іоаннъ;1836
Леопольдъ;1857
Михаилъ;1836
Осипъ;1836
Владимиръ;1904
Иванъ;1867
Валентинъ;1904
Михаилъ;1904
Григорій;1851
Трофимъ;1899
Григорій;1854
Адамъ;1841
Адамъ;1867
Антонъ;1867
Иванъ;1865
Игнатій;1857
Игнатій;1867
Ігнатій;1841
Константинъ;1857
Михаилъ;1867
Юліанъ;1857
Виталій;1904
Иванъ;1910
Іаннуарій;1838
Александръ;1902
Александръ;1902
Александръ;1857
Владимиръ;1922
Петръ;1856
Михаилъ;1924
Петръ;1899
Александръ;1858
Петръ;1858
Левъ;1841
Александръ;1924
Викентій;1846
Викторъ;1867
Осипъ;1855
Осипъ;1865
Василій;1892
Арсеній;1904
Борисъ;1922
Лаврентій;1839
Лаврентій;1839
Лаврентій;1841
Николай;1904
Николай;1904
Николай;1890
Яковъ;1845
Арефъ;1830
Константинъ;1885
Владиміръ;1882
Иванъ;1867
Николай;1867
Генрихъ;1843
Леонидъ;1904
Вадимъ;1921
Карлъ;1848
Василій;1922
Евгеній;1922
Борисъ;1904
Евгеній;1892
Адольфъ;1846
Петръ;1830
Василій;1924
Евгеній;1924
Евгеній;1889
Антоній;1845
Фавстъ;1845
Никодимъ;1859
Николай;1856
Осипъ;1859
Станиславъ;1838
Николай;1892
Елисей;1843
Парѳеній;1882
Антоній;1836
Викторъ;1856
Михаилъ;1865
Николай;1838
Парѳеній;1836
Парѳеній;1838
Юліанъ;1856
Антонъ;1838
Антонъ;1838
Иванъ;1852
Иванъ;1859
Иванъ;1867
Игнатій;1839
Павелъ;1839
Созонъ;1859
Флоръ;1843
Якобъ;1838
Яковъ;1867
Иванъ;1848
Павелъ;1841
Юліанъ;1838
Яковъ;1841
Ѳома;1882
Александръ;1867
Аркадій;1865
Владиміръ;1858
Георгій;1843
Игнатій;1854
Левъ;1838
Никодимъ;1867
Николай;1838
Палладій;1855
Ѳома;1841
Александръ;1865
Василій;1867
Владимиръ;1867
Георгій;1845
Георгій;1867
Евстафій;1902
Иванъ;1845
Иванъ;1889
Игнатъ;1841
Павелъ;1838
Флоръ;1854
Фома;1880
Яковъ;1843
Ярославъ;1889
Максимъ;1924
Ромуальдъ;1848
Афанасій;1857
Иванъ;1852
Левъ;1904
Михаилъ;1892
Николай;1848
Парфирій;1838
Семенъ;1896
Фавстъ;1889
Юліанъ;1842
Яковъ;1854
Ѳеодоръ;1892
Юліанъ ;1845
Владимиръ;1856
Игнатій;1858
Николай;1879
Павелъ;1884
Палладій;1861
Петръ;1895
Ѳома;1841
Иванъ;1854
Созонтъ;1865
Флоръ;1854
Владыславъ;1848
Антонъ;1891
Платонъ;1856
Константинъ;1838
Михаилъ;1848
Григорій;1889
Константинъ;1839
Михаилъ;1845
Ромуальд;1852
Николай;1838
Алексѣй;1864
Михаилъ;1864
Адольфъ;1852
Александръ;1879
Василій;1856
Владимиръ;1892
Иванъ;1845
Іеронимъ;1846
Константинъ;1855
Ксенофонтъ;1867
Михаилъ;1830
Михаилъ;1830
Николай;1836
Платонъ;1861
Романъ;1845
Эдуардъ;1852
Стефанъ;1924
Николай;1895
Иванъ;1838
Сергей;1899
Николай;1899
Викентій;1846
Александръ;1845
Андрей;1904
Викентій;1858
Ипполитъ;1845
Николай;1856
Осипъ;1857
Ѳеофиль;1838
Евстафій;1924
Александръ;1910
Владимиръ;1889
Иванъ;1904
Василій;1904
Василій;1922
Иванъ;1924
Демьянъ;1904
Александръ;1904
Евгеній;1889
Игоръ;1924
Сергѣй;1899
Александръ;1904
Аполинаръ;1839
Владимиръ;1904
Иванъ;1841
Адамъ;1891
Александръ;1848
Владиміръ;1845
Митрофанъ;1846
Владимиръ;1904
Иванъ;1848
Михаилъ;1848
Михаилъ;1858
Петръ;1848
Петръ;1848
Владимиръ;1898
Феликсъ;1841
Петръ;1854
Иванъ;1854
Константинъ;1867
Георгій;1904
Николай;1904
Григорій;1845
Анатолій;1922
Генадій;1924
Петръ;1904
Александръ;1861
Алексѣй;1865
Евгеній;1904
Михаилъ;1857
Онуфрій;1861
Ѳеодоръ;1892
Иванъ;1892
Иванъ;1856
Викентій;1841
Викентій;1841
Игнатій;1890
Александръ;1839
Виталій;1845
Діонисій;1843
Иванъ;1845
Семенъ;1845
Симеонъ;1853
Степанъ;1845
Францъ;1841
Ѳеофилъ;1841
Александръ;1838
Александръ;1839
Виталій;1839
Францъ;1839
Александръ;1830
Всеволодъ;1904
Яроникъ;1904
Вильгельмъ;1838
Григорій;1899
Василій;1867
Виталій;1924
Евгеній;1924
Николай;1924
Александръ;1855
Борисъ;1924
Игнатій;1899
Николай;1896
Сергѣй;1924
Ѳеодоръ;1865
Андрей;1904
Николай;1904
Іосифъ;1830
Митрофанъ;1904
Владимиръ;1892
Леонидъ;1892
Алексѣй;1904
Владимиръ;1904
Константинъ;1899
Фавстъ;1845
Іоакимъ;1838
Иванъ;1922
Антонъ;1915
Иванъ;1859
Осипъ;1852
Осипъ;1858
Александръ;1904
Александръ;1856
Людовикъ;1838
Михаилъ;1899
Степанъ;1844
Владыславъ;1902
Викторъ;1899
Антонъ;1839
Иванъ;1838
Михайло;1839
Юліанъ;1841
Виталій;1924
Владимиръ;1867
Леонардъ;1841
Николай;1845
Николай;1892
Осипъ;1865
Феликсъ;1841
Юліанъ;1841
Ѳеодоръ;1845
Адамъ;1841
Іеронимъ;1841
Осипъ;1841
Александръ;1899
Николай;1899
Василій;1922
Константинъ;1890
Адамъ;1838
Юліанъ;1843
Иосифъ;1902
Богданъ;1861
Константинъ;1839
Ярославъ;1861
Борисъ;1904
Константинъ;1843
Николай;1904
Богданъ;1855
Николай;1902
Стефанъ;1830
Антонъ;1841
Иванъ;1858
Антоній;1841
Яковъ;1904
Михаилъ;1922
Иванъ;1846
Павелъ;1867
Александръ;1861
Александръ;1867
Антонъ;1838
Арсеній;1867
Викторъ;1867
Владимиръ;1867
Вячеславъ;1882
Евстафій;1882
Зенонъ;1841
Иванъ;1858
Иванъ;1889
Игнатій;1882
Иларіонъ;1852
Келестинъ;1854
Кипріанъ;1841
Лукьян;1848
Михаилъ;1867
Михаилъ;1880
Никаноръ;1867
Николай;1841
Николай;1865
Павелъ;1882
Петръ;1840
Романъ;1841
Семенъ;1841
Феодоръ;1843
Феофилъ;1839
Юліанъ;1858
Евстаѳій;1882
Игнатій;1882
Михаилъ;1882
Николай;1856
Андрей;1904
Евграфъ;1924
Владимиръ;1892
Николай;1904
Александръ;1904
Павелъ;1841
Александръ;1899
Петръ;1892
Николай;1838
Александръ;1854
Григорій;1858
Константинъ;1846
Михайло;1838
Михайло;1839
Александръ;1904
Николай;1904
Всеволодь;1892
Вячеславъ;1856
Владимиръ;1890
Михаилъ;1899
Матвей;1838
Павелъ;1838
Павелъ;1841
Владимиръ;1924
Сергѣй;1924
Адольфъ;1838
Францъ;1891
Францискъ;1838
Михаилъ;1904
Григорій;1845
Борисъ;1904
Григорій;1845
Иванъ;1879
Александръ;1867
Ѳеодоръ;1852
Антоній;1904
Иванъ;1843
Михаило;1843
Ростиславъ;1904
Степанъ;1843
Сергѣй;1910
Иванъ;1867
Антонъ;1865
Викторъ;1884
Георгій;1884
Яковъ;1854
Яковъ;1857
Ѳеодоръ;1841
Александръ;1904
Антонъ;1864
Василій;1867
Георгій;1898
Яковъ;1856
Яковъ;1854
Федоръ;1838
Стефанъ;1924
Ѳеофилъ;1834
Александръ;1843
Игнатій;1865
Евгеній;1857
Николай;1857
Борисъ;1904
Константинъ;1904
Василій;1865
Иванъ;1865
Николай;1865
Антонъ;1924
Сильвестеръ;1841
Александръ;1884
Владимиръ;1858
Даниілъ;1867
Михаилъ;1865
Никаноръ;1858
Николай;1924
Степанъ;1841
Францъ;1838
Ѳеофилъ;1830
Владимиръ;1904
Николай;1904
Иванъ;1841
Николай;1904
Яковъ;1848
Адамъ;1854
Василій;1861
Иванъ;1857
Іосифъ;1879
Николай;1858
Осипъ;1879
Адамъ;1854
Владимиръ;1865
Евгеній;1902
Иванъ;1851
Михаилъ;1864
Ѳеофилъ;1879
Георгій;1838
Даніилъ;1865
Іосафатъ;1839
Симплицій;1838
Ѳома;1843
Ѳеофилъ;1838
Алексѣй;1867
Димитрій;1904
Иванъ;1836
Иванъ;1838
Иванъ;1867
Михаилъ;1879
Никаноръ;1865
Петръ;1867
Ѳома;1836
Антоній;1922
Владимиръ;1924
Николай;1924
Сергѣй;1922
Аполинаръ;1841
Викентий;1830
Ѳома;1853
Викентий;1830
Якимъ;1845
Ѳома;1854
Арсеній;1838
Владимиръ;1904
Алексѣй;1924
Іосифъ;1846
Левъ;1846
Ѳома;1889
Адольф ;1845
Валентинъ;1922
Николай;1902
Константинъ;1840
Викентій;1904
Владыславъ;1838
Михаилъ;1892
Михаилъ;1892
Александръ;1867
Алексѣй;1856
Антонъ;1838
Антонъ;1836
Василій;1882
Викентій;1839
Викентій;1844
Викторъ;1882
Владимиръ;1856
Владимиръ;1857
Владимиръ;1861
Евгеній;1904
Евгеній;1904
Евстафій;1857
Иванъ;1839
Иванъ;1867
Игоръ;1922
Константинъ;1864
Николай;1865
Николай;1867
Осипъ;1830
Петръ;1838
Петръ;1924
Степанъ;1838
Юлянъ;1838
Ѳома;1838
;1904
Иванъ;1904
Евгеній;1922
Софроний;1854
Алексей;1848
Алексѣй;1899
Григорій;1904
Яковъ;1904
Николай;1889
Николай;1845
Ѳома;1841
Константинъ;1904
Петръ;1904
Симеонъ;1841
Сергѣй;1904
Василій;1892
Юстинъ;1842
Анзельмъ;1838
Константинъ;1899
Антонъ;1845
Владимиръ;1890
Іоанъ;1838
Константинъ;1839
Феліціанъ;1838
Адамъ;1839
Адамъ;1840
Иванъ;1840
Игнатъ;1840
Романъ;1857
Стефанъ;1922
Леонардъ;1836
Михаилъ;1836
Модестъ;1856
Семёнъ;1836
Константинъ;1841
Титъ;1858
Романъ;1852
Николай;1867
Василій;1838
Никодимъ;1924
Николай;1889
Ѳеодоръ;1843
Лука;1838
Августинъ;1839
Феофилъ;1839
Владиславъ;1838
Михаилъ;1904
Иванъ;1845
Иванъ;1843
Иларіонъ;1848
Иларіонъ;1854
Иванъ;1845
Евгеній;1904
Алексѣй;1889
Анатолій;1889
Борисъ;1902
Борисъ;1904
Иванъ;1889
Константинъ;1892
Михаилъ;1845
Николай;1856
Александръ;1899
Владимиръ;1899
Игнатій;1838
Августинъ;1841
Кліментій;1839
Макарій;1838
Осипъ;1846
Фердинандъ;1830
Ѳеодосій;1838
Ѳеофилъ;1838
Апполонъ;1904
Аполлинарій;1904
Владимиръ;1899
Ѳеодоръ;1884
Аркадій;1922
Владимиръ;1904
Николай;1904
Николай;1904
Георгій;1922
Владимиръ;1904
Иванъ;1899
Осипъ;1836
Осипъ;1838
Ѳеодоръ;1910
Александръ;1904
Юліанъ;1838
Станиславъ;1838
Игнатій;1891
Осипъ;1891
Михаилъ;1891
Антонъ;1838
Александръ;1856
Алексій;1879
Владиміръ;1879
Иванъ;1866
Іосифъ;1846
Константинъ;1884
Левъ;1846
Николай;1867
Петръ;1865
Ѳеодоръ;1924
Евгеній;1904
Михаилъ;1904
Сергей;1899
Георгій;1922
Александръ;1836
Валеріанъ;1904
Иосифъ;1902
Николай;1922
Владимиръ;1904
Александръ;1924
Георгій;1924
Ѳеодоръ;1839
Александръ;1841
Альбинъ;1830
Владимиръ;1904
Іосифъ;1830
Левъ;1841
Леонтій;1857
Михаилъ;1841
Николай;1841
Николай;1845
Осипъ;1838
Осипъ;1845
Степанъ;1841
Феликсъ;1830
Александръ;1841
Александръ;1843
Іосифъ;1830
Левъ;1836
Левъ;1838
Степанъ;1838
Александръ;1882
Димитрій;1902
Павелъ;1892
Юліанъ;1838
Арсеній;1924
Михаилъ;1905
Николай;1899
Иванъ;1880
Сергѣй;1904
Ѳеодоръ;1899
Антонъ;1845
Николай;1841
Борисъ;1904
Игнатъ;1830
Викторъ;1884
Леонтій;1865
Василій;1895
Николай;1898
Иванъ;1846
Исидоръ;1857
Карлъ;1830
Андрей;1924
Василій;1889
Иванъ;1856
Иванъ;1858
Исидоръ;1858
Михаилъ;1889
Михаилъ;1903
Ильдефонсъ;1841
Осипъ;1858
Ильдефонсъ;1841
Андрей;1857
Игнатій;1848
Иларіонъ;1845
Ипполитъ;1839
Осипъ;1852
Эдуардъ;1839
Эдуардъ;1841
Левъ;1865
Ильдефонсъ;1843
Эдуардъ;1841
Игнатій;1854
Александръ;1884
Александръ;1892
Борисъ;1890
Борисъ;1892
Константинъ;1889
Осипъ;1892
Ѳеодоръ;1892
Викторъ;1841
Іоасафъ;1841
Иванъ;1839
Наркиссъ;1856
Викторъ;1882
Иванъ;1899
Адамъ;1836
Степанъ;1836
Иванъ;1841
Иванъ;1839
Иванъ;1841
Осипъ;1843
Осипъ;1845
Иванъ;1834
Иванъ;1838
Иванъ;1838
Иванъ;1836
Владимиръ;1892
Владимиръ;1924
Степанъ;1904
Иванъ;1841
Осипъ;1856
Осипъ;1852
Илья;1895
Степанъ;1839
Юліанъ;1845
Анатолій;1890
Павелъ;1902
Владимиръ;1904
Анатолій;1924
Александръ;1852
Андрей;1867
Даниілъ;1845
Петръ;1841
Петръ;1843
Евстафій;1839
Александръ;1899
Павелъ;1904
Александръ;1921
Вячеславъ;1924
Евгеній;1904
Михаилъ;1904
Ѳеодоръ;1904
Владимиръ;1924
Иванъ;1838
Георгій;1922
Николай;1845
Николай;1922
Александръ;1867
Антонъ;1864
Антонъ;1865
Василій;1867
Владимиръ;1899
Евстафій;1867
Иванъ;1838
Иванъ;1867
Іосифъ;1845
Осипъ;1839
Павелъ;1841
Степанъ;1867
Владимиръ;1904
Брониславъ;1867
Тарасъ;1904
Либертъ;1838
Иванъ;1838
Иванъ;1867
Константинъ;1890
Осипъ;1838
Петръ;1924
Платонъ;1865
Григорій;1865
Иванъ;1838
Иванъ;1865
Николай;1840
Осипъ;1838
Осипъ;1846
Платонъ;1865
Михаилъ;1838
Иванъ;1845
Викентій;1843
Вячеславъ;1904
Емельянъ;1904
Александръ;1889
Михаилъ;1841
Осипъ;1846
Платонъ;1864
Иванъ;1879
Иванъ;1836
Іосифъ;1836
Иванъ;1838
Осипъ;1857
Антонъ;1845
Иванъ;1846
Иванъ;1856
Илья;1867
Николай;1830
Фавстъ;1855
Феофилъ;1857
Леонардъ;1857
Аркадій;1904
Сергѣй;1902
Александръ;1857
Антонъ;1865
Николай;1889
Осипъ;1838
Осипъ;1867
Юліанъ;1841
Александръ;1857
Игнать;1830
Александръ;1865
Николай;1922
Николай;1924
Константинъ;1891
Михаилъ;1889
Осипъ;1864
Сергѣй;1904
Іосифъ;1845
Иванъ;1841
Иванъ;1910
Петро;1830
Адамъ;1841
Александръ;1841
Иванъ;1836
Осипъ;1830
Иванъ;1854
Владимиръ;1910
Константинъ;1904
Николай;1904
Николай;1904
Ильдефонсъ;1830
Ипполитъ;1838
Левъ;1856
Павелъ;1895
Фавстъ;1846
Фаустинъ;1830
Юляіанъ;1841
Александръ;1924
Димитръ;1904
Павелъ;1904
Прокофій;1924
Василій;1857
Емельянъ;1857
Келестинъ;1858
Николай;1892
Емельянъ;1865
Михаилъ;1867
Владимиръ;1899
Яковъ;1899
Осипъ;1899
Александръ;1867
Алексѣй;1856
Андрей;1856
Антонъ;1867
Владимиръ;1889
Михаилъ;1845
Владимиръ;1922
Михаилъ;1830
Михаилъ;1830
Іосифъ;1924
Владиміръ;1880
Иванъ;1848
Людовикъ;1839
Павелъ;1882
Александръ;1846
Александръ;1898
Димитрій;1904
Адамъ;1838
Александръ;1838
Антоній;1852
Антонъ;1838
Валеріанъ;1845
Викентій;1841
Викторъ;1836
Викторъ;1838
Владимиръ;1858
Всеволодъ;1904
Георгій;1836
Георгій;1838
Иванъ;1841
Иванъ;1845
Иванъ;1867
Ипполитъ;1867
Іоасафать;1838
Казимиръ;1843
Константинъ;1867
Лонгинъ;1843
Лукіанъ;1845
Мамертъ;1830
Михаилъ;1867
Николай;1830
Павелъ;1889
Павелъ;1892
Семенъ;1843
Титъ;1838
Федоръ;1838
Феликсъ;1830
Фердинандъ;1830
Фердинандъ;1830
Юліанъ;1836
Ѳадей;1843
Ѳедоръ;1836
Федоръ;1830
Николай;1924
Анатолій;1922
Григорій;1924
Евгеній;1904
Александръ;1839
Иванъ;1838
Петръ;1841
Сергѣй;1879
Августинъ;1845
Августъ;1841
Александръ;1845
Андрей;1854
Антонъ;1843
Евстафій;1841
Иванъ;1857
Іоаннъ;1830
Іосифъ;1830
Карлъ;1838
Левъ;1841
Маркъ;1841
Осипъ;1830
Фелиціанъ;1836
Хрисанфъ;1858
Юліанъ;1830
Александръ;1904
Евгеній;1904
Александръ;1904
Константинъ;1904
Иванъ;1904
Владимиръ;1895
Александръ;1845
Николай;1924
Николай;1891
Николай;1890
Сергѣй;1904
Іосифъ;1922
Владимиръ;1904
Петръ;1904
Сергѣй;1903
Александръ;1904
Людвикъ;1857
Димитрій;1904
Николай;1902
Владимиръ;1924
Богуславъ;1904
Александръ;1841
Иванъ;1841
Исмаилъ;1854
Михаилъ;1865
Осипъ;1839
Осипъ;1840
Осипъ;1842
Осипъ;1857
Павелъ;1840
Семенъ;1861
Стефанъ;1841
Францъ;1839
Игнатій;1838
Антонъ;1839
Викторъ;1839
Викторъ;1841
Иванъ;1846
Іустинъ;1846
Левъ;1839
Николай;1852
Павелъ;1846
Павелъ;1856
Ѳеліціанъ;1838
Матвей;1840
Матѳей;1845
Борисъ;1904
Александръ;1843
Алексѣй;1867
Владимиръ;1924
Иванъ;1841
Иванъ;1846
Иванъ;1867
Игнатій;1884
Илья;1857
Исмаилъ;1854
Михаилъ;1867
Николай;1867
Осипъ;1841
Осипъ;1857
Семенъ;1855
Степанъ;1845
Степанъ;1867
Флоръ;1856
Ѳеодоръ;1890
Иванъ;1845
Петръ;1924
Евгеній;1924
Василій;1846
Иванъ;1898
Іосифъ;1889
Иванъ;1838
Іоакимъ;1865
Іоакимъ;1867
Осипъ;1858
Василій;1848
Михаилъ;1854
Михаилъ;1854
Іосифъ;1841
Ѳеодосій;1889
Іосифъ;1922
Иванъ;1889
Игнатій;1854
Николай;1904
Яковъ;1879
Илья;1899
Степанъ;1899
Евстафій;1882
Михаилъ;1882
Осипъ;1841
Петръ;1899
Александръ;1865
Александръ;1904
Владимиръ;1865
Иванъ;1867
Николай;1904
Иванъ;1845
Иванъ;1857
Іустинъ;1845
Онуфрій;1858
Палладій;1830
Евгеній;1904
Лауръ;1830
Александръ;1904
Арсеній;1856
Нилъ;1856
Іосифъ;1922
Дмитрій;1887
Сергѣй;1904
Семенъ;1838
Ѳеодоръ;1841
Иванъ;1841
Лаврентій;1856
Лаврентій;1858
Петръ;1902
Георгій;1904
Сергѣй;1904
Вацлавъ;1839
Михаилъ;1904
Александръ;1892
Александръ;1892
Николай;1924
Владимиръ;1902
Александръ;1890
Фегонтъ;1899
Ѳома;1856
Василій;1854
Иванъ;1856
Іоаннъ;1898
Осипъ;1882
Константинъ;1856
Станиславъ;1856
Александръ;1902
Андрей;1910
Антонъ;1859
Антонъ;1861
Зенонъ;1840
Зиновій;1845
Иванъ;1845
Иларіонъ;1846
Іосифъ;1851
Николай;1924
Осипъ;1846
Осипъ;1859
Михаилъ;1895
Степанъ;1857
Андрей;1904
Иванъ;1904
Евстафій;1882
Петръ;1841
Сергѣй;1924
Георгій;1922
Николай;1904
Александръ;1840
Георгій;1867
Яковъ;1841
Антонъ;1843
Владимиръ;1899
Николай;1904
Иванъ;1858
Иванъ;1879
Иларіонъ;1854
Петръ;1879
Андрей;1858
Алексѣй;1896
Андрей;1861
Андрей;1882
Георгій;1865
Георгій;1867
Константинъ;1854
Матѳей;1879
Николай;1852
Николай;1924
Плакидъ;1867
Степанъ;1882
Степанъ;1879
Ѳеофилъ;1867
Николай;1924
Владимиръ;1904
Ѳеодоръ;1904
Иларіонъ;1867
Іосифъ;1846
Константинъ;1910
Осипъ;1852
Димитрій;1922
Александръ;1904
Георгій;1904
Иванъ;1841
Иванъ;1924
Лонгинъ;1841
Лудовикъ;1841
Антонъ;1858
Іосифъ;1845
Карлъ;1841
Юліанъ;1857
Антонъ;1845
Иванъ;1846
Юліанъ;1855
Иванъ;1865
Иванъ;1867
Антонъ;1889
Николай;1882
Феодоръ;1856
Маринъ;1884
Ѳеодоръ;1915
Зенонъ;1841
Михайло;1841
Георгій;1890
Владимиръ;1852
Александръ;1904
Александръ;1857
Александръ;1899
Владиміръ;1857
Вячеславъ;1895
Иванъ;1899
Игнатій;1867
Леонтій;1904
Семенъ;1846
Владимиръ;1855
Александръ;1867
Иванъ;1867
Александръ;1904
Сергѣй;1904
Николай;1839
Апполонъ;1904
Григорій;1892
Михаилъ;1904
Ѳедоръ;1904
Иванъ;1838
Владимиръ;1856
Владимиръ;1889
Францъ;1839
Францъ;1845
Кесарій;1838
Осипъ;1892
Сильвестръ;1830
Николай;1899
Александръ;1879
Аѳанасій;1889
Владимиръ;1889
Евгеній;1882
Иванъ;1858
Иванъ;1867
Казимиръ;1842
Леонидъ;1879
Николай;1845
Осипъ;1839
Петръ;1839
Сергій;1889
Витольдъ;1902
Никандръ;1904
Игнатій;1902
Николай;1879
Михаилъ;1856
Юльянъ;1889
Іронимъ;1840
Евгеній;1904
Андрей;1922
Андрей;1922
Николай;1924
Александръ;1854
Александръ;1854
Антонъ;1843
Владиміръ;1880
Евгеній;1889
Емельянъ;1858
Иванъ;1854
Иванъ;1889
Иванъ;1889
Кипрянъ;1854
Лудовикъ;1841
Никаноръ;1856
Николай;1858
Николай;1889
Осипъ;1838
Петръ;1854
Северіанъ;1861
Семенъ;1889
Степанъ;1841
Флоръ;1838
Флоръ;1841
Яковъ;1854
Ѳеодоръ;1879
Павелъ;1903
Андрей;1891
Антонъ;1879
Ісидоръ;1902
Константинъ;1910
Сергѣй;1884
Петръ;1924
Константинъ;1899
Валеріанъ;1838
Андрей;1904
Герасимъ;1838
Евгеній;1856
Еразмъ;1841
Иванъ;1841
Игнатій;1864
Іосифъ;1845
Константинъ;1858
Осипъ;1846
Ѳеодоръ;1899
Романъ;1845
Романъ;1854
Іосифъ;1845
Викторъ;1839
Владимиръ;1867
Иванъ;1839
Игнатъ;1841
Константинъ;1839
Людовикъ;1841
Мартинъ;1841
Николай;1843
Осипъ;1867
Борисъ;1904
Евгеній;1889
Михаилъ;1856
Иванъ;1880
Ѳеодосій;1880
Константинъ;1904
Сергѣй;1904
Александръ;1899
Александръ;1882
Андрей;1892
Андрей;1856
Александръ;1889
Александръ;1904
Владимиръ;1904
Вячеславъ;1904
Павелъ;1857
Николай;1904
Иванъ;1839
Константинъ;1867
Юліанъ;1838
Юліанъ;1841
Юстинъ;1842
Іосифъ;1830
Осипъ;1865
Александръ;1889
Евгеній;1884
Иванъ;1848
Иванъ;1846
Иванъ;1848
Антонъ;1865
Василій;1879
Иванъ;1839
Иеронъ;1846
Михаилъ;1846
Михаилъ;1852
Николай;1884
Сергѣй;1910
Василій;1904
Иванъ;1890
Евгеній;1904
Георгій;1904
Иванъ;1841
Владимиръ;1924
Фердинандъ;1841
Иванъ;1924
Николай;1924
Владиміръ;1889
Александръ;1856
Андрей;1858
Владиміръ;1889
Евдокимъ;1848
Иванъ;1836
Иванъ;1838
Іустинъ;1846
Михаилъ;1846
Михаилъ;1857
Михаилъ;1858
Николай;1857
Осипъ;1852
Платонъ;1856
Антонъ;1841
Антонъ ;1836
Юліянъ ;1836
Виталій;1922
Владимиръ;1904
Александръ;1891
Николай;1922
Платонъ;1915
Александръ;1856
Викентій;1867
Кипріанъ;1867
Константинъ;1867
Леонидъ;1884
Павелъ;1924
Антонъ;1838
Антонъ;1838
Антонъ;1848
Іоаннъ;1830
Николай;1845
Юліянъ;1838
Яковъ;1841
Борисъ;1904
Антонъ;1841
Устинъ;1841
Виссаріонъ;1845
Гервасій;1845
Діонизій;1841
Иванъ;1889
Игнатій;1846
Осипъ;1856
Сергѣй;1892
Владимиръ;1904
Константинъ;1904
Михаилъ;1904
Даніилъ;1867
Константинъ;1879
Николай;1839
Николай;1841
Николай;1867
Осипъ;1854
Корнелій;1838
Антоній;1845
Антонъ;1904
Владиміръ;1882
Игнатій;1880
Илья;1854
Ипполитъ;1889
Іосифъ;1851
Карлъ;1843
Корнелій;1841
Михаилъ;1856
Осипъ;1854
Павелъ;1843
Петръ;1839
Платонъ;1889
Семенъ;1846
Стефанъ;1889
Александръ;1892
Николай;1924
Владимиръ;1924
Каликстъ;1846
Константинъ;1852
Викентій;1838
Михаилъ;1852
Владимиръ;1904
Игнатій;1841
Ксаверій;1838
Северіянъ;1838
Владиміръ;1889
Адамъ;1838
Витольдъ;1843
Игнатъ;1843
Людовикъ;1843
Алексѣй;1924
Филиппъ;1858
Григорій;1857
Иванъ;1857
Георгій;1838
Игнатъ;1830
Игнатъ;1838
Осипъ;1838
Борисъ;1922
Лаврентій;1857
Павелъ;1857
Валеріанъ;1859
Даніилъ;1845
Иванъ;1848
Борисъ;1904
Владиміръ;1889
Петръ;1895
Филиппъ;1852
Филиппъ;1882
Михаилъ;1924
Ѳеодоръ;1924
Филиппъ;1855
Антонъ;1904
Александръ;1882
Семенъ;1845
Яковъ;1855
Александръ;1843
Иванъ;1856
Игнатій;1846
Левъ;1843
Николай;1841
Николай;1867
Юліанъ;1854
Юліанъ;1858
Ѳеодоръ;1845
Ѳеодоръ;1854
Осипъ;1838
Осипъ;1845
Эдуардъ;1841
Симеонъ;1924
Адамъ;1922
Софроний;1848
Алексѣй;1884
Сергѣй;1890
Альбертъ;1841
Антонъ;1843
Викторъ;1838
Владиміръ;1879
Игнатъ ;1830
Исидоръ;1841
Константинъ;1867
Степанъ;1841
Устинъ;1838
Феликсъ;1843
Всеволодъ;1845
Матѳей ;1845
Никандръ;1857
Александръ;1904
Владимиръ;1904
Александръ;1904
Владимиръ;1898
Михаилъ;1882
Сергѣй;1898
Левъ;1839
Стефанъ;1845
Сергѣй;1884
Антонъ;1867
Михаилъ;1867
Константинъ;1889
Семенъ;1867
Ѳеодоръ;1922
Иванъ;1851
Иларіонъ;1903
Николай;1924
Захарій;1867
Леонидъ;1904
Анатолій;1904
Николай;1904
Петръ;1904
Ѳома;1892
Константинъ;1880
Филиппъ;1854
Сафроній;1851
Гавріилъ;1857
Софроній;1854
Яковъ;1861
Анатолій;1904
Николай;1891
Михаилъ;1851
Антоній;1830
Антоній;1857
Гавріилъ;1838
Иванъ;1836
Игнатій;1867
Константинъ;1856
Осипъ;1839
Евгеній;1924
Михаилъ;1848
Михаилъ;1854
Василій;1924
Георгій;1922
Владимиръ;1924
Павелъ;1859
Степанъ;1939
Андрей;1845
Викторъ;1839
Левъ;1841
Павелъ;1865
Степанъ;1839
Стефанъ;1846
Іоасафъ;1838
Артемій;1867
Георгій;1867
Иванъ;1839
Касперъ;1856
Константинъ;1839
Константинъ;1856
Павелъ;1898
Петръ;1838
Стефанъ;1924
Осипъ;1867
Романъ;1867
Владимиръ;1866
Иванъ;1845
Константинъ;1890
Михаилъ;1838
Михаилъ;1866
Михайло;1836
Петръ;1879
Александръ;1891
Александръ;1899
Александръ;1899
Александръ;1880
Антонъ;1848
Василій;1866
Владимиръ;1895
Игнатій;1903
Константинъ;1857
Константинъ;1899
Леонидъ;1884
Михаилъ;1904
Николай;1904
Тихонъ;1904
Августинъ;1838
Зенонъ;1841
Осипъ;1841
Антонъ;1884
Августинъ;1841
Александръ;1884
Анатолій;1902
Владимиръ;1864
Георгій;1830
Даніилъ;1858
Зенонъ;1841
Иванъ;1856
Иванъ;1859
Константинъ;1861
Наркисъ;1889
Николай;1843
Осипъ;1838
Семенъ;1861
Сергѣй;1889
Симеонъ;1857
Ѳеодоръ;1884
Илья;1922
Юзефъ;1882
Александръ;1864
Антонъ;1865
Арсеній;1884
Борисъ;1904
Василий;1854
Всеволодъ;1922
Георгій;1845
Григорій;1848
Иванъ;1838
Иванъ;1848
Иванъ;1854
Иванъ;1857
Иванъ;1857
Иванъ;1924
Климентъ;1857
Константинъ;1848
Михаилъ;1889
Николай;1867
Осипъ;1848
Осипъ;1854
Павелъ;1889
Петръ;1889
Францъ;1842
Эдуардъ;1857
Юліанъ;1848
Всеволодъ;1895
Всеволодъ;1904
Владиміръ;1884
Сергѣй;1884
Наполеонъ;1857
Александръ;1884
Антонъ;1838
Василій;1838
Иванъ;1882
Константинъ;1866
Осипъ;1839
Ѳома;1939
Антонъ;1839
Иванъ;1841
Фома;1839
Антонъ;1841
Владимиръ;1924
Иванъ;1841
Константинъ;1843
Лука;1867
Николай;1843
Павелъ;1857
Петръ;1867
Ѳеодоръ;1884
Ѳома;1841
Юліанъ;1854
Иванъ;1838
Александръ;1904
Адамъ;1865
Антоній;1845
Афанасій;1884
Владиславъ;1857
Иванъ;1830
Иванъ;1854
Иванъ;1857
Иванъ;1867
Николай;1846
Петръ;1904
Феликсъ;1845
Филиппъ;1846
Филиппъ;1851
Юстинъ;1845
Иванъ;1924
Ричардъ;1879
Иванъ;1830
Владимиръ;1904
Іосифъ;1880
Антонъ;1866
Владиміръ;1852
Владыславъ;1846
Николай;1904
Евгеній;1856
Александръ;1855
Андрей;1884
Валеріанъ;1889
Викторъ;1889
Владимиръ;1889
Иванъ;1830
Иванъ;1838
Ипполитъ;1858
Іларіонъ;1861
Михаилъ;1830
Михаилъ;1838
Николай;1889
Павелъ;1856
Сергѣй;1889
Павелъ;1904
Иванъ;1846
Петръ;1922
Ѳеодоръ;1859
Викторъ;1902
Николай;1846
Ѳеодоръ;1865
Виталій;1924
Иванъ;1836
Иванъ;1838
Іеронимъ;1830
Георгій;1922
Георгій;1924
Семенъ;1846
Ипполитъ;1882
Антонъ;1922
Владимиръ;1856
Иванъ;1904
Михаилъ;1904
Борисъ;1892
Иванъ;1838
Иванъ;1861
Николай;1857
Осипъ;1865
Плакидъ;1838
Ѳома;1838
Иванъ;1922
Александръ;1939
Георгій;1845
Иванъ;1845
Игнатій;1846
Петръ;1879
Александръ;1882
Георгій;1851
Евстафій;1882
Егоръ;1856
Иванъ;1845
Игнатій;1852
Игнатій;1864
Іосифъ;1889
Константинъ;1854
Константинъ;1855
Александръ;1839
Александръ;1880
Викторъ;1867
Владимиръ;1856
Георгій;1856
Иванъ;1838
Іосифъ;1855
Константинъ;1889
Константинъ;1889
Леонтій;1867
Юліанъ;1856
Александръ;1882
Владимиръ;1852
Осипъ;1861
Валеріанъ;1889
Людвикъ;1840
Константинъ;1904
Борисъ;1856
Василій;1865
Егоръ;1854
Зиновій;1865
Иванъ;1852
Николай;1857
Плакидъ;1841
Ѳома;1830
Иванъ;1841
Осипъ;1846
Семенъ;1846
Георгій;1899
Владимиръ;1904
Георгій;1890
Вениаминъ;1922
Николай;1902
Осипъ;1922
Александръ;1865
Осипъ;1867
Николай;1922
Димитрій;1904
Александръ;1904
Николай;1892
Константинъ;1852
Константинъ;1890
Осипъ;1848
Осипъ;1857
Платонъ;1865
Эдуардъ;1852
Владимиръ;1865
Осипъ;1879
Сергѣй;1882
Григорій;1904
Димитрій;1904
Георгій;1848
Егоръ;1854
Мартинъ;1841
Мартинъ;1841
Емельянъ;1845
Леонидъ;1924
Мартинъ ;1845
Иванъ;1838
Николай;1892
Владимиръ;1867
Иванъ;1841
Францъ;1838
Прохоръ;1922
Адамъ;1836
Адамъ;1838
Александръ;1836
Александръ;1838
Антонъ;1867
Василиій;1836
Василій;1838
Викентій;1843
Владимиръ;1867
Владиміръ;1861
Давидъ;1857
Иванъ;1882
Іеронимъ;1854
Казимиръ;1838
Казиміръ;1836
Константинъ;1840
Левъ;1846
Николай;1854
Николай;1856
Павелъ;1864
Парфеній;1861
Петръ;1854
Степанъ;1884
Титъ;1867
Флоръ;1836
Александръ;1922
Александръ;1904
Владимиръ;1904
Владимиръ;1854
Павелъ;1843
Анатолій;1904
Александръ;1904
Александръ;1924
Евгеній;1904
Зенонъ;1838
Михаилъ;1904
Петръ;1904
Василій;1882
Иванъ;1913
Александръ;1857
Анатолій;1884
Викторъ;1895
Осипъ;1843
Ѳадей;1841
Антонъ;1924
Осипъ;1841
Осипъ;1841
Осипъ;1843
Павелъ;1904
Антонъ;1830
Антонъ;1838
Викторъ;1864
Никодимъ;1854
Николай;1867
Осипъ;1838
Осипъ;1867
Платонъ;1858
Ѳеодоръ;1841
Александръ;1902
Феликсъ;1838
Антонъ;1836
Казимиръ;1845
Вячеславъ;1882
Григорій;1857
Иванъ;1857
Николай;1867
Ѳеодоръ;1865
Ѳеодоръ;1867
Владимиръ;1922
Григорій;1904
Иванъ;1904
Николай;1904
Митрофанъ;1904
Георгій;1857
Иванъ;1855
Николай;1924
Петръ;1904
Осипъ;1852
Казимиръ;1843
Иванъ;1904
Гавріилъ;1904
Александръ;1882
Михаилъ;1889
Александръ;1882
Александръ;1882
Иванъ;1848
Константинъ;1864
Михаилъ;1852
Николай;1858
Осипъ;1852
Иванъ;1845
Константинъ;1845
Фома;1843
Эдуардъ;1841
Юліанъ;1841
Владимиръ;1904
Феликсъ;1838
Илья;1842
Петръ;1842
Викторъ;1865
Иванъ;1845
Феодоръ;1904
Михаилъ;1845
Андрей;1889
Антоній;1889
Антонъ;1889
Аѳанасій;1836
Аѳанасій;1838
Василій;1882
Владимиръ;1922
Гавриілъ;1841
Гавріилъ;1848
Георгій;1856
Иванъ;1836
Иванъ;1838
Иванъ;1845
Иннокентий;1889
Іосифъ;1854
Казимиръ;1839
Константинъ;1865
Левъ;1861
Михаилъ;1884
Михаилъ;1889
Николай;1845
Осипъ;1854
Петръ;1884
Петръ;1889
Степанъ;1861
Степанъ;1865
Фавстъ;1841
Яковъ;1841
Ѳеодоръ;1848
Ѳеодоръ;1854
Иванъ;1843
Ѳеодоръ;1854
Евгеній;1904
Николай;1904
Петръ;1904
Сергѣй;1904
Михаилъ;1922
Борисъ;1904
Георгій;1904
Евгеній;1904
Иванъ;1845
Николай;1843
Яковъ;1846
Владимиръ;1855
Осипъ;1845
Антонъ;1843
Михаилъ;1924
Николай;1924
ВЛАДИМИР;1856
Александръ;1856
Андрей;1838
Антонъ;1843
Венедиктъ;1841
Константинъ;1838
Левъ;1843
Платонъ;1838
Платонъ;1841
Яковъ;1891
Михаилъ;1857
Александръ;1904
Иванъ;1851
Василій;1857
Димитрій;1904
Мефодій;1904
Михаилъ;1904
Осипъ;1857
Павелъ;1904
Георгій;1904
Димитрій;1904
Ѳеофилъ;1845
Степанъ;1845
Иванъ;1903
Николай;1924
Иванъ;1902
Василій;1867
Никодимъ;1879
Лудовикъ;1857
Иванъ;1841
Антонъ;1839
Константинъ;1924
Феодоръ;1924
Маріанъ;1838
Михаилъ;1904
Владиславъ;1843
Игнатій;1858
Іосифъ;1830
Константинъ;1889
Осипъ;1854
Юліанъ;1830
Николай;1867
Антонъ;1839
Василій;1846
Владимиръ;1889
Вячеславъ;1904
Еварест;1861
Ерасмъ;1857
Иванъ;1838
Иванъ;1857
Иванъ;1861
Иванъ;1889
Ипполитъ;1845
Іоаннъ;1846
Конкордій;1852
Михаилъ;1865
Павелъ;1856
Петръ;1904
Феликсъ;1836
Хрисанфъ;1845
Юстинъ;1843
Адамъ;1838
Василій;1843
Игнатій;1843
Константинъ;1857
Осипъ;1867
Василій;1857
Иронимъ;1854
Павелъ;1922
Николай;1904
Виталій;1924
Александръ;1841
Василій;1836
Константинъ;1841
Павелъ;1865
Николай;1884
Фадей;1841
Антонъ;1838
Иванъ;1838
Станиславъ;1902
Феликсъ;1838
Сергѣй;1880
Болеславъ;1891
Александръ;1867
Иванъ;1846
Иванъ;1854
Ипполитъ;1854
Михайло;1843
Николай;1867
Онуфрій;1880
Осипъ;1839
Андрей;1857
Валентинъ;1858
Александръ;1889
Андрей;1841
Андрей;1865
Валентинъ;1861
Василій;1841
Иванъ;1865
Іона;1841
Михаилъ;1836
Михаилъ;1904
Мойсей;1841
Николай;1836
Ѳеофилъ;1865
Валентинъ;1852
Никаноръ;1867
Григорій;1865
Веніаминъ;1924
Алексѣй;1924
Димитрій;1924
Николай;1922
Яковъ;1904
Александръ;1904
Ипполитъ;1855
Андрей;1838
Ипполитъ;1852
Николай;1848
Петръ;1854
Петръ;1848
Николай;1922
Михаилъ;1899
Валеріанъ;1904
Левъ;1904
Ѳеофилъ;1845
Владимиръ;1865
Константинъ;1865
Степанъ;1840
Владимиръ;1857
Владимиръ;1865
Стефанъ;1857
Александръ;1904
Борисъ;1904
Николай;1904
Сергѣй;1904
Ѳеофилъ;1846
Григорій;1904
Юрій;1904
Иванъ;1836
Иванъ;1838
Виталий;1840
Феликсъ;1836
Феликсъ;1838
Осипъ;1855
Леонидъ;1856
Константинъ;1922
Константинъ;1854
Александръ;1845
Константинъ;1848
Алексѣй;1889
Антоній;1830
Антонъ;1859
Борисъ;1856
Василій;1864
Венедиктъ;1838
Венедиктъ ;1836
Владимиръ;1904
Евгеній;1880
Иванъ;1889
Игнатій;1861
Іустинъ;1857
Никаноръ;1861
Николай;1867
Петръ;1861
Степанъ;1857
Юліанъ;1879
Ѳома;1854
Иванъ;1858
Иванъ;1858
Адамъ;1843
Иванъ;1915
Иванъ;1843
Левъ;1851
Викентий;1838
Болеславъ;1857
Игнатій;1841
Игнатій;1841
Михаилъ;1841
Осипъ;1846
Осипъ;1854
Юліанъ;1840
Антонъ;1867
Осипъ;1856
Александръ;1904
Василій;1904
Александръ;1854
Александръ;1856
Алексѣй;1856
Антонъ;1902
Василій;1861
Викторъ;1856
Генрікъ;1830
Дмитрій;1889
Донатъ;1884
Евгеній;1889
Иванъ;1856
Иванъ;1889
Игнатій;1864
Ипполитъ;1858
Левъ;1841
Михаилъ;1865
Николай;1882
Юліанъ;1855
Ѳеофилъ;1836
Ѳеофилъ;1838
Алексѣй;1902
Альфонсъ;1838
Михаилъ;1857
Александръ;1867
Николай;1856
Осипъ;1845
Михаилъ;1882
Осипъ;1841
Константинъ;1892
Григорій;1922
Илья;1843
Петръ;1865
Юліанъ;1861
Антонъ;1846
Николай;1904
Платонъ;1857
Поликарпъ;1857
Константинъ;1854
Николай;1852
Василій;1904
Владимиръ;1904
Владимиръ;1904
Петръ;1892
Адамъ;1839
Александръ;1839
Александръ;1856
Александръ;1857
Антонъ;1841
Викентій;1841
Владимиръ;1865
Дамаскинъ;1867
Иванъ;1838
Иванъ;1841
Игнатій;1867
Іосифъ;1889
Константинъ;1839
Левъ;1838
Мелхиседекъ;1857
Михайло;1839
Николай;1867
Осипъ;1838
Павелъ;1865
Петръ;1856
Степанъ;1839
Степанъ;1841
Александръ;1838
Михайло;1838
Михаилъ;1854
Степанъ;1839
Іосафъ;1839
Левъ;1845
Николай;1838
Николай;1836
Николай;1902
Титъ;1904
Осипъ;1842
Иванъ;1838
Матфей;1922
Константинъ;1858
Николай;1855
Николай;1859
Сильвестръ;1857
Василій;1838
Митрофанъ;1857
Николай;1857
Антоній;1845
Владимиръ;1904
Константинъ;1867
Лаврентій;1854
Михаилъ;1904
Николай;1856
Павелъ;1838
Романъ;1865
Ѳома;1838
Владиміръ;1859
Владимиръ;1915
Рафаилъ;1838
Николай;1861
Валентинъ;1904
Владимиръ;1904
Николай;1904
Ѳеодоръ;1865
Василій;1904
Антонъ;1848
Антонъ;1848
Василій;1841
Лаврентій;1852
Ѳома;1841
Всеволодъ;1924
Михаилъ;1867
Павелъ;1899
Сергѣй;1899
Степанъ;1857
Антонъ;1845
Александръ;1866
Василій;1882
Василій;1879
Игнатій;1857
Иларіонъ;1858
Григорій;1845
Иванъ;1843
Яковъ;1852
Иванъ;1841
Яковъ;1854
Яковъ;1848
Григорій;1848
Яковъ;1848
Григорій;1854
Григорій;1848
Владимиръ;1892
Дмитрій;1867
Николай;1899
Владимиръ;1892
Владимиръ;1898
Иванъ;1861
Осипъ;1851
Сергій;1889
Михаилъ;1884
Антонъ;1854
Владиміръ;1879
Георгій;1865
Иванъ;1846
Иванъ;1857
Константинъ;1858
Михаилъ;1852
Николай;1857
Осипъ;1854
Осипъ;1865
Семенъ;1889
Семенъ;1889
Антонъ;1846
Константинъ;1899
Николай;1904
Петръ;1856
Александръ;1924
Андрей;1830
Михаилъ;1830
Михаилъ;1892
Петръ;1904
Константинъ;1924
Вячеславъ;1884
Николай;1899
Александръ;1839
Александръ;1889
Андрей;1839
Антонъ;1842
Антонъ;1856
Василій;1841
Василій;1845
Венедиктъ;1836
Владимиръ;1867
Даніилъ;1882
Иванъ;1864
Константинъ;1836
Константинъ;1910
Лавръ;1867
Левъ;1838
Михаилъ;1848
Николай;1889
Осипъ;1841
Петръ;1836
Платонъ;1845
Рафаилъ;1836
Савва;1854
Семенъ;1839
Семенъ;1845
Стефанъ;1836
Титъ;1864
Феликсъ;1843
Францъ;1841
Францъ;1841
Яковъ;1838
Лука;1838
Викторъ;1841
Александръ;1859
Александръ;1865
Вальдемаръ;1859
Викторъ;1839
Владиміръ;1857
Дмитрій;1892
Иванъ;1858
Иванъ;1867
Константинъ;1854
Константинъ;1867
Левъ;1848
Лука;1839
Осипъ;1854
Павелъ;1846
Павелъ;1867
Фавстъ;1852
Феодоръ;1838
Юліанъ;1854
Ѳеодоръ;1889
Іустинъ;1845
Петръ;1924
Іосифъ;1851
Лука;1844
Павелъ;1851
Петро;1904
Викторъ;1889
Александръ;1841
Андрей;1838
Валеріанъ;1859
Володиміръ;1841
Иванъ;1838
Константинъ;1859
Константинъ;1865
Михаилъ;1852
Петръ;1882
Степанъ;1838
Юліанъ;1845
Владиміръ;1884
Викторъ;1898
Константинъ;1845
Александръ;1889
Антонъ;1865
Иванъ;1830
Иванъ;1867
Александръ;1899
Сергѣй;1922
Иванъ;1922
Евгений;1845
Ѳеодоръ;1899
Яковъ;1856
Августъ;1854
Владимиръ;1856
Константинъ;1867
Иванъ;1867
Михаилъ;1846
Михаилъ;1855
Виталій;1924
Андрей;1921
Иванъ;1856
Маркіанъ;1879
Стефанъ;1880
Анатолій;1904
Зенонъ;1839
Антонъ;1867
Иванъ;1845
Теофилъ;1836
Фелиціанъ;1836
Владимиръ;1895
Иванъ;1836
Иванъ;1838
Клавдій;1857
Левъ;1836
Петръ;1867
Феодоръ;1838
Феодоръ;1845
Ѳеодоръ;1867
Алексѣй;1890
Борисъ;1922
Вячеславъ;1884
Николай;1924
Никандръ;1924
Николай;1922
Владимиръ;1899
Михаилъ;1904
Иванъ;1899
Алексѣй;1904
Иванъ;1924
Владимиръ;1904
Борисъ;1904
Сергѣй;1913
Николай;1924
Николай;1922
Михаилъ;1884
Сергѣй;1924
Павелъ;1902
Димитрій;1921
Александръ;1904
Георгій;1904
Николай;1884
Стефанъ;1889
Филиппъ;1843
Филиппъ;1845
Николай;1904
Степанъ;1904
Филипъ;1841
Валентинъ;1924
Антонъ;1845
Іуліанъ;1891
Александръ;1889
Афанасій;1889
Борисъ;1922
Владимиръ;1889
Владиміръ;1861
Владиславъ;1856
Всеволодъ;1904
Григорій;1848
Даніллъ;1838
Евгеній;1865
Захарій;1882
Иванъ;1836
Иванъ;1838
Иванъ;1889
Іосифъ;1845
Лука;1841
Максимъ;1838
Михаилъ;1841
Николай;1838
Николай;1858
Николай;1859
Осипъ;1841
Осипъ;1845
Павелъ;1859
Петръ;1838
Сильвестръ;1845
Стефанъ;1846
Стефанъ;1854
Хрисанфъ;1892
Юліанъ;1858
Юліанъ;1858
Ѳеофилъ;1845
Василій;1858
Мартинъ;1838
Андрей;1884
Михаилъ;1924
Иванъ;1892
Константинъ;1892
Иванъ;1838
Василій;1839
Михаилъ;1836
Александръ;1924
Тимофей;1924
Андрей;1841
Василий;1848
Доместіанъ;1848
Иванъ;1846
Иванъ;1852
Иванъ;1855
Михаилъ;1889
Владимиръ;1899
Павелъ;1899
Константинъ;1904
Сергѣй;1899
Адамъ;1841
Александръ;1867
Антонъ;1854
Борисъ;1884
Василій;1854
Василій;1882
Даніилъ;1857
Евгеній;1882
Евстафій;1867
Иванъ;1857
Иванъ;1857
Иванъ;1867
Никаноръ;1854
Николай;1867
Осипъ;1841
Симеонъ;1841
Степанъ;1867
Яковъ;1858
Алексѣй;1844
Александръ;1880
Альбинъ;1836
Венедиктъ;1861
Елевтерій;1840
Иванъ;1852
Іошеръ;1836
Кириллъ;1843
Осипъ;1839
Платонъ;1867
Руфъ;1840
Ѳеодосій;1848
Иванъ;1846
Иванъ;1854
Константинъ;1845
Николай;1839
Николай;1841
Николай;1867
Платонъ;1879
Ѳеодосій;1889
Иванъ;1858
Эрастъ;1904
Владимиръ;1922
Николай;1904
Сергѣй;1910
Генрікъ;1838
Григорій;1858
Игнатъ;1845
Игнатій;1845
Николай;1884
Осипъ;1865
Игнатій;1845
Григорій;1856
Игнатій;1838
Кипріанъ;1838
Федоръ;1838
Евстафій;1857
Иванъ;1838
Степанъ;1939
Ѳеофилъ;1857
Алексѣй;1882
Вячеславъ;1904
Николай;1840
Павелъ;1857
Димитрій;1884
Евгеній;1845
Адольфъ;1839
Адамъ;1846
Антонъ;1861
Всеволодъ;1856
Кипріанъ;1879
Никаноръ;1854
Осипъ;1839
Семенъ;1839
Арсеній;1922
Евгеній;1904
Кандитъ;1843
Францъ;1839
Константинъ;1842
Іосифъ;1915
Сильвестръ;1899
Константинъ;1840
Василій;1830
Александръ;1904
Адамъ;1851
Евгеній;1843
Ипполитъ;1857
Карлъ;1841
Михаилъ;1845
Никаноръ;1857
Романъ;1910
Александръ;1843
Викентій;1857
Александръ;1865
Антонъ;1838
Василій;1841
Виталій;1856
Виталій;1915
Владимиръ;1856
Владимиръ;1867
Даніилъ;1852
Евгений;1867
Иванъ;1841
Константинъ;1867
Левъ;1838
Михаилъ;1867
Михаилъ;1867
Никаноръ;1867
Николай;1865
Степанъ;1857
Фавстъ;1836
Феликсъ;1830
Осипъ;1857
Алексѣй;1922
Николай;1896
Феликсъ;1838
Осипъ;1841
Потапій;1902
Петръ;1904
Арсеній;1838
Афанасій;1834
Виталій;1838
Капитонъ;1841
Осипъ;1838
Феодоръ;1838
Ѳеодоръ;1841
Ѳедоръ;1904
Николай;1902
Борисъ;1904
Василій;1895
Василій;1896
Владимиръ;1904
Константинъ;1845
Александръ;1854
Василій;1857
Георгій;1889
Константинъ;1845
Николай;1865
Осипъ;1836
Константинъ;1856
Михаилъ;1856
Фавстъ;1867
Василій;1924
Евгеній;1843
Евгеній;1922
Константинъ;1924
Алексѣй;1890
Афанасій;1836
Иванъ;1836
Мартинъ;1840
Матвей;1836
Стефанъ;1836
Николай;1867
Антонъ;1843
Карлъ;1843
Антонъ;1867
Владимиръ;1904
Николай;1904
Михаилъ;1904
Иванъ;1846
Левъ;1845
Юліянъ;1838
Юльянъ;1841
Левъ;1843
Адамъ;1892
Павелъ;1895
Александръ;1904
Константинъ;1866
Константинъ;1924
Левъ;1841
Николай;1896
Александръ;1843
Николай;1845
Николай;1848
Николай;1848
Борисъ;1904
Петръ;1904
Александръ;1904
Александръ;1841
Антонъ;1864
Всеволодъ;1924
Григорий;1836
Григорій;1838
Григорій;1867
Иванъ;1861
Константинъ;1865
Михаилъ;1889
Николай;1924
Осипъ;1856
Павелъ;1846
Павелъ;1856
Павелъ;1857
Серафимъ;1855
Тимонъ;1865
Михаилъ;1882
Николай;1889
Иванъ;1858
Антоній;1899
Василій;1892
Владимиръ;1899
Даніилъ;1848
Константинъ;1899
Николай;1904
Павелъ;1848
Антонъ;1915
Михаило;1843
Игнатій;1836
Мартинъ;1836
Адамъ;1851
Антоній;1845
Иванъ;1858
Іосифъ;1830
Константинъ;1841
Осипъ;1841
Осипъ;1830
Викторъ;1904
Константинъ;1845
Иванъ;1855
Михаилъ;1889
Степанъ;1841
Григорій;1904
Михаилъ;1924
Леонидъ;1922
Василій;1924
Димитрій;1924
Николай;1924
Антонъ;1841
Иванъ;1841
Владимиръ;1924
Иванъ;1902
Николай;1924
Алексѣй;1904
Александръ;1882
Антоній;1845
Викторъ;1843
Владимиръ;1845
Димитрій;1913
Евгеній;1904
Евграфъ;1902
Константинъ;1867
Михаилъ;1841
Михаилъ;1867
Ромуалдъ;1830
Стефанъ;1854
Николай;1852
Николай;1855
Юстинъ;1845
Евгеній;1924
Иванъ;1838
Степанъ;1915
Адамъ;1851
Никодимъ;1861
Платонъ;1858
Никодемъ;1846
Петръ;1904
Николай;1856
Александръ;1904
Іуліанъ;1904
Иванъ;1841
Илья;1838
Александръ;1902
Карлъ;1838
Александръ;1841
Иванъ;1838
Никодемъ;1846
Платонъ;1855
Игнатій;1855
Осипъ;1845
Леонидъ;1924
Николай;1904
Игнатъ;1830
Адамъ;1845
Антонъ;1843
Иванъ;1841
Илья;1924
Иванъ;1924
Викторъ;1841
Владиславъ;1841
Николай;1889
Владимиръ;1902
Александръ;1902
Александръ;1904
Алексѣй;1882
Георгій;1856
Иванъ;1856
Николай;1899
Димитрій;1904
Николай;1836
Адамъ;1836
Павелъ;1838
Павелъ;1839
Алексѣй;1882
Николай;1882
Павелъ;1838
Яковъ;1838
Михаилъ;1861
Платонъ;1861
Казимиръ;1841
Александръ;1867
Антонъ;1838
Василій;1857
Владиміръ;1848
Грегорій;1830
Григорій;1838
Дмитрій;1882
Евстафій;1841
Иванъ;1843
Иванъ;1845
Іеронимъ;1841
Іосафатъ;1830
Константинъ;1848
Константинъ;1854
Константинъ;1855
Константинъ;1865
Константинъ;1867
Левъ;1854
Николай;1838
Осипъ;1865
Павелъ;1838
Феликсъ;1838
Феліцянъ;1830
Ярославъ;1858
Маркъ;1904
Феликсъ;1836
Францъ;1841
Агатинъ;1836
Иванъ;1882
Константинъ;1836
Леонъ;1836
Михаилъ;1922
Михаилъ;1845
Антонъ;1838
Афанасій;1841
Афанасій;1841
Валеріанъ;1839
Викентій;1845
Владимиръ;1857
Игнатъ ;1838
Михаилъ;1845
Никодимъ;1867
Осипъ;1857
Юліанъ;1839
Яковъ;1841
Петръ;1852
Францискъ ;1839
Петръ;1846
Яковъ;1846
Гервасій;1838
Дмитрій;1889
Борисъ;1904
Валерій;1840
Сергѣй;1924
Михаилъ;1904
Константинъ;1867
Артемій ;1840
Борисъ;1924
Валентинъ;1852
Григорій;1867
Иванъ;1848
Константинъ;1867
Константинъ;1867
Михаилъ;1902
Петръ;1867
Александръ;1836
Викентій;1836
Осипъ;1836
Аполонъ;1890
Владимиръ;1924
Владимиръ;1904
Ѳранцъ;1891
Владимиръ;1922
Константинъ;1910
Николай;1924
Александръ;1904
Михаилъ;1867
Борисъ;1904
Иванъ;1904
Константинъ;1852
Николай;1867
Павелъ;1867
Михаилъ;1867
Ксенофонтъ;1845
Николай;1848
Василій;1904
Евгеній;1867
Иванъ;1867
Сергій;1867
Константинъ;1924
Григорій;1924
Николай;1882
Антонъ;1838
Всеволодъ;1904
Іоасафъ;1838
Леонтій;1904
Михаилъ;1924
Николай;1904
Андрей;1858
Антонъ;1839
Константинъ;1839
Иванъ;1904
Николай;1856
Романъ;1889
Казимиръ;1839
Семенъ;1867
Кириллъ;1838
Севастіанъ;1841
Ѳома;1838
Иванъ;1899
Михаилъ;1865
Всеволодъ;1904
Василій;1899
Андрей;1855
Василій;1904
Михаилъ;1904
Ипполитъ;1848
Владимиръ;1865
Владимиръ;1904
Леонардъ;1857
Андрей;1865
Антонъ;1846
Аркадій;1904
Борисъ;1904
Григорій;1867
Иванъ;1879
Михаилъ;1858
Сергѣй;1884
Михаилъ;1846
Михаилъ;1856
Сергѣй;1856
Александръ;1904
Андрей;1839
Антоній;1852
Антонъ;1889
Вячеславъ;1889
Евгеній;1924
Иоиль;1841
Ипполитъ;1841
Миронъ;1841
Никандръ;1858
Платонъ;1846
Юстинъ;1857
Яковъ;1858
Ѳранцъ;1841
Борисъ;1904
Николай;1889
Иванъ;1892
Александръ;1922
Владимиръ;1904
Михаилъ;1851
Юліанъ;1854
Иванъ;1839
Осипъ;1839
Сергей;1899
Тарасъ;1899
Владимиръ;1904
Николай;1924
Павелъ;1858
Сергѣй;1856
Ѳома;1843
Владимиръ;1904
Евгеній;1904
Константинъ;1857
Павелъ;1857
Павелъ;1867
Адамъ;1838
Валтазаръ;1841
Викторъ;1841
Владимиръ;1867
Діонисій;1839
Евгардъ;1904
Иванъ;1830
Иванъ;1830
Иванъ;1841
Иванъ;1889
Іоаннъ;1830
Іоасафъ;1854
Іосифъ;1846
Левъ;1841
Левъ;1841
Леонидъ;1884
Лонгинъ;1866
Лука;1841
Мартинъ;1845
Михаилъ;1848
Осипъ;1838
Осипъ;1838
Осипъ;1840
Осипъ;1842
Павелъ;1861
Павелъ;1896
Петръ;1846
Петръ;1924
Яковъ;1846
Андрей;1854
Михаилъ;1904
Никодимъ;1852
Осипъ;1845
Павелъ;1854
Адамъ;1841
Адамъ;1857
Антонъ;1867
Германъ;1839
Евстафій;1858
Иванъ;1867
Иванъ;1889
Іосифъ;1845
Константинъ;1904
Константинъ;1880
Николай;1904
Николай;1880
Павелъ;1861
Сергѣй;1882
Юліанъ;1854
Ѳеодосій;1882
Ѳома;1841
Константинъ;1889
Константинъ;1889
Викторъ;1891
Владимиръ;1867
Георгій;1852
Игнатій;1838
Илья;1838
Марианъ;1838
Станиславъ;1830
Ѳедоръ;1899
Константинъ;1939
Леонідъ;1841
Владимиръ;1899
Михаилъ;1904
Петръ;1904
Борисъ;1904
Александръ;1841
Александръ;1867
Игнатій;1865
Михаилъ;1882
Николай;1899
Адольфъ;1902
Василій;1856
Анатолій;1924
Василій;1892
Геннадій;1924
Евгеній;1904
Леонидъ;1902
Николай;1904
Александръ;1924
Георгій;1924
Антонъ;1852
Антонъ;1855
Григорій;1852
Иванъ;1867
Осипъ;1857
Сергѣй;1882
Степанъ;1861
Стефанъ;1852
Александръ;1890
Осипъ;1854
Георгій;1904
Димитрій;1904
Владимиръ;1904
Георгій;1846
Антонъ;1840
Никифоръ;1840
Николай;1899
Эдуардъ;1836
Ѳеодосій;1838
Георгій;1904
Владиміръ;1889
Осипъ;1913
Адамъ;1841
Александръ;1841
Александръ;1866
Игнатій;1848
Игнатій;1854
Константинъ;1867
Михаилъ;1867
Николай;1838
Василій;1904
Яковъ;1836
Георгій;1857
Антонъ;1884
Владиміръ;1884
Иванъ;1895
Константинъ;1892
Осипъ;1865
Станиславъ;1841
Станиславъ;1841
Иванъ;1843
Георгій;1857
Евфремъ;1904
Александръ;1904
Алексѣй;1899
Николай;1904
Михаилъ;1861
Владимиръ;1858
Фаддей;1858
Александръ;1865
Иванъ;1857
Иванъ;1857
Павелъ;1838
Игнатій;1838
Павелъ;1830
Павелъ;1830
Иванъ;1845
Антонъ;1841
Егоръ;1861
Иванъ;1857
Игнатій;1852
Игнатій;1856
Игнатій;1846
Михаилъ;1884
Иванъ;1854
Митрофанъ;1856
Борисъ;1904
Александръ;1848
Антонъ;1848
Викентій;1839
Викентій;1840
Викентій;1838
Александръ;1884
Василій;1904
Иванъ;1838
Иванъ;1865
Семенъ;1867
Сергѣй;1904
Симеонъ;1830
Януарій;1838
Владимиръ;1924
Семенъ;1836
Михаилъ;1924
Антонъ;1924
Юліанъ;1830
Антонъ;1845
Евгеній;1924
Каетанъ;1843
Михаилъ;1843
Александръ;1892
Алексѣй;1904
Василій;1882
Владимиръ;1895
Леонидъ;1884
Николай;1924
Игнатій;1910
Зенонъ;1846
Григорій;1904
Евдокимъ;1865
Александръ;1903
Василій;1856
Иванъ;1867
Николай;1921
Павелъ;1902
Игнатій;1846
Александръ;1867
Антонъ;1857
Владимиръ;1889
Иванъ;1867
Иванъ;1921
Іосифъ;1857
Лаврентій;1857
Мануилъ;1865
Николай;1889
Порфирій;1867
Ѳома;1865
Борисъ;1857
Анатолій;1924
Василій;1879
Димитрій;1866
Петръ;1867
Сергій;1866
Сергѣй;1904
Антоній;1845
Николай;1841
Николай;1924
Сергѣй;1904
Сергѣй;1904
Александръ;1924
Сергѣй;1915
Трофимъ;1899
Иларіонъ;1841
Александръ;1915
Димитрій;1904
Анатолій;1904
Анатолій;1904
Владимиръ;1904
Николай;1890
Александръ;1899
Константинъ;1884
Вячеславъ;1904
Евстафій;1904
Константинъ;1895
Елисей;1840
Артемій;1840
Владимиръ;1841
Николай;1867
Ѳеодотъ;1857
Николай;1904
Сергѣй;1904
Семенъ;1882
Адольфъ;1838
Александръ;1865
Антоній;1845
Антонъ;1867
Викторъ;1867
Иванъ;1830
Иванъ;1838
Иванъ;1867
Іоакинфъ;1867
Казимиръ;1843
Ксенофонтъ;1852
Ксенофонтъ;1858
Леонтій;1882
Николай;1841
Осипъ;1852
Осипъ;1857
Сергѣй;1924
Станиславъ;1838
Феликсъ;1838
Феліціанъ;1838
Филаретъ;1845
Ярославъ;1857
Михаилъ;1892
Дмитрій;1889
Михаилъ;1856
Николай;1856
Василій;1899
Владимиръ;1899
Василій;1841
Александръ;1865
Венедиктъ;1867
Евгеній;1899
Михаилъ;1865
Михаилъ;1924
Антонъ;1854
Иванъ;1830
Юліанъ;1852
Антонъ;1857
Владиміръ;1884
Игнатій;1852
Осипъ;1864
Ѳома;1848
Константинъ;1852
Юліанъ;1890
Кліментій;1840
Платонъ;1840
Афанасій;1852
Аѳанасій;1846
Степанъ;1841
Димитрій;1924
Алексѣй;1839
Алексѣй;1904
Андрей;1861
Антонъ;1854
Григорій;1845
Иванъ;1841
Игнатій;1867
Николай;1867
Степанъ;1839
Феликсъ;1841
Яковъ;1846
Ѳеодоръ;1882
Петръ;1865
Степанъ;1857
Стефанъ;1857
Александръ;1840
Александръ;1842
Александръ;1861
Левъ;1845
Николай;1845
Иванъ;1922
Антоній;1845
Антонъ;1840
Иванъ;1852
Константинъ;1848
Константинъ;1854
Василий ;1830
Ѳеодоръ;1830
Иванъ;1921
Ростиславъ;1924
Петръ;1841
Саввинъ;1854
Семенъ;1838
Фома;1841
Петръ;1838
Иванъ;1856
Иванъ;1882
Юліанъ;1884
Адамъ;1838
Антонъ;1904
Евгеній;1904
Никаноръ;1855
Фортунатъ;1843
Викентій;1840
Викентій;1838
Петръ;1840
Никаноръ;1854
Збигневъ;1838
Константинъ;1838
Лукіанъ;1838
Михаилъ;1845
Ярославъ;1838
Болеславъ;1841
Михаилъ;1846
Ярославъ;1841
Зиновій;1904
Сергѣй;1904
Димитрій;1904
Петръ;1915
Александръ;1899
Иванъ;1843
Александръ;1899
Владимиръ;1904
Евгеній;1904
Зиновий;1882
Иванъ;1882
Ипполитъ;1848
Сергѣй;1904
Фердинандъ;1839
Филаретъ;1844
Эдуардъ;1839
Александръ;1904
Генадій;1884
Георгій;1904
Сергѣй;1904
Василій;1924
Константинъ;1924
Василій;1922
Петръ;1841
Валеріанъ;1904
Николай;1904
Зенонъ;1884
Николай;1857
Яковъ;1861
Михаилъ;1899
Антонъ;1840
Василій;1854
Владиміръ;1858
Павелъ;1865
Юліанъ;1836
Юліанъ;1838
Владимиръ;1854
Василій;1904
Константинъ;1838
Виталій;1839
Семёнъ;1839
Виталій;1838
Константинъ;1841
Семёнъ;1838
Степанъ;1841
Николай;1904
Василій;1838
Адамъ;1841
Иванъ;1843
Іоанъ;1838
Павелъ;1857
Фелиціанъ;1843
Фелліксъ;1838
Вікентій;1841
Платонъ;1841
Александръ;1838
Александръ;1839
Александръ;1855
Александръ;1857
Андрей;1830
Антонъ;1830
Василій;1841
Георгій;1856
Евстафій;1879
Иванъ;1838
Иванъ;1839
Иванъ;1841
Иванъ;1843
Иванъ;1865
Иванъ;1867
Иванъ;1889
Кипріанъ;1848
Кипріанъ;1854
Кириллъ;1846
Константинъ;1858
Матвѣй;1838
Михаилъ;1858
Михаилъ;1889
Николай;1846
Николай;1857
Осипъ;1839
Петръ;1836
Платонъ;1854
Романъ;1839
Савелій;1838
Сергѣй;1882
Станиславъ;1838
Ѳеодоръ;1843
Ѳеодоръ;1889
Ѳеодоръ;1924
Ѳеофилъ;1852
Ѳеофилъ;1854
Александръ;1904
Викентій;1838
Владимиръ;1891
Осипъ;1852
Феликсъ;1839
Николай;1904
Лука;1921
Александръ;1924
Александръ;1904
Георгій;1904
Александръ;1889
Александръ;1892
Алексѣй;1839
Дмитрій;1882
Иванъ;1839
Иванъ;1841
Иванъ;1867
Игнатій;1864
Константинъ;1867
Ксенофонтъ;1889
Левъ;1865
Леонтій;1867
Николай;1839
Платонъ;1892
Семёнъ;1838
Степанъ;1867
Стефанъ;1858
Ѳеодоръ;1882
Михаилъ;1904
Александръ;1902
Гавріилъ;1857
Гавріилъ;1857
Григорій;1854
Константинъ;1884
Василій;1839
Иванъ;1839
Осипъ;1861
Антонъ;1858
Платонъ;1884
Степанъ;1889
Александръ;1830
Владимиръ;1890
Владимиръ;1892
Николай;1892
Александръ;1924
Анатолій;1924
Антонъ;1845
Афанасій;1858
Владимиръ;1858
Константинъ;1856
Михаилъ;1858
Юліанъ;1845
Адольфъ;1838
Ѳеодоръ;1854
Арсеній;1915
Владиміръ;1858
Вячеславъ;1889
Григорій;1838
Димитрій;1861
Калистратъ;1867
Константинъ;1857
Осипъ;1867
Семенъ;1836
Семёнъ;1838
Александръ;1865
Иванъ;1855
Михаилъ;1857
Иванъ;1852
Павелъ;1836
Игнать;1843
Александръ;1845
Іустинъ;1854
Юліанъ;1848
Іустинъ;1845
Николай;1843
Григорій;1904
Владиміръ;1884
Владиславъ;1857
Станиславъ;1857
Александръ;1830
Александръ;1867
Борисъ;1904
Василій;1857
Иванъ;1841
Иванъ;1857
Иванъ;1889
Игнатій;1854
Каетанъ;1841
Левъ;1839
Михаилъ;1838
Михаилъ;1867
Николай;1861
Николай;1904
Павелъ;1838
Петръ;1838
Платонъ;1864
Степанъ;1854
Ѳеодоръ;1841
Левъ;1845
Сильвестръ;1882
Іосифъ;1924
Григорій;1858
Левъ;1846
Михайло;1839
Наркизъ;1839
Яковъ;1861
Карлъ;1838
Валеріанъ;1841
Карлъ;1845
Мануилъ;1865
Михаило;1838
Михаилъ;1836
Михаилъ;1865
Сергѣй;1904
Алексѣй;1845
Платонъ;1838
Василіи;1841
Яковъ;1854
Петръ;1879
Яковъ;1848
Григорій;1854
Григорій;1856
Иванъ;1844
Иванъ;1904
Александръ;1846
Михаилъ;1846
Осипъ;1846
Аѳанасій;1892
Георгій;1904
Евгеній;1924
Антонъ;1845
Георгій;1838
Емилианъ;1857
Іосифъ;1856
Константинъ;1838
Матѳей;1858
Никандръ;1904
Феодосій;1882
Данійло;1841
Игнатъ;1841
Александръ;1845
Андрей;1910
Владимиръ;1921
Даниілъ;1841
Иванъ;1841
Иванъ;1857
Иванъ;1889
Иванъ;1889
Игнатій;1841
Илья;1848
Илья;1854
Левъ;1843
Николай;1856
Павелъ;1854
Павелъ;1867
Платонъ;1864
Сергѣй;1882
Степанъ;1857
Юліанъ;1846
Владыславъ;1838
Даніилъ;1838
Игнатій;1838
Казимиръ;1838
Левъ;1845
Александръ;1889
Александръ;1904
Алексѣй;1924
Антонъ;1899
Валеріанъ;1904
Сергѣй;1904
Геннадій;1904
Михайло;1841
Наркизъ;1841
Александръ;1856
Степанъ;1856
Иванъ;1867
Платонъ;1865
Александръ;1848
Александръ;1854
Александръ;1855
Андрей;1884
Антонъ;1884
Борисъ;1904
Гавріилъ;1856
Георгій;1904
Димитрій;1857
Иванъ;1857
Иринархъ;1867
Константинъ;1857
Михаилъ;1857
Николай;1858
Петръ;1856
Стефанъ;1846
Антоній;1841
Иванъ;1899
Григорій;1904
Северинъ;1836
Северинъ;1838
Константинъ;1882
Михаилъ;1867
Адамъ;1856
Борисъ;1924
Иванъ;1882
Игнатій;1854
Петръ;1910
Северинъ;1838
Михаилъ;1836
Василій;1838
Иванъ;1841
Григорій;1846
Павелъ;1924
Александръ;1865
Алексѣй;1882
Василій;1841
Иванъ;1867
Іоакимъ;1865
Леонидъ;1858
Петръ;1841
Петръ;1895
Сергѣй;1902
Владимиръ;1904
Димитрій;1904
Викентій;1840
Игнатій;1834
Юліанъ;1846
Алексей;1845
Андроникъ;1841
Викентій;1830
Викторъ;1841
Дометій;1861
Калистратъ;1841
Константинъ;1841
Онисимъ;1841
Петръ;1856
Рафаилъ;1839
Стефанъ;1856
Иванъ;1904
Ѳеодоръ;1859
Викентій;1841
Осипъ;1857
Павелъ;1856
Маркъ;1922
Маркъ;1922
Алексѣй;1904
Борисъ;1904
Владиміръ;1879
Иванъ;1857
Иванъ;1857
Корнилій;1865
Михаилъ;1867
Осипъ;1865
Ѳома;1857
Ѳома;1857
Александръ;1856
Алексій;1858
Анастасій;1858
Петръ;1843
Николай;1904
Петръ;1904
Сергѣй;1890
Петръ;1841
Василій;1884
Викторъ;1904
Владимиръ;1867
Иванъ;1867
Антонъ;1841
Александръ;1904
Иванъ;1865
Абдонъ;1857
Валерьян;1857
Владиславъ;1855
Павел;1857
Алексѣй;1924
Ѳеодоръ;1903
Александръ;1904
Иванъ;1904
Павелъ;1846
Павелъ;1852
Валеріянъ;1842
Владимиръ;1904
Даніилъ;1867
Антонъ;1867
Иванъ;1867
Александръ;1904
Иванъ;1857
Петръ;1867
Иванъ;1899
Митрофанъ;1879
Феодоръ;1846
Николай;1890
Иванъ;1845
Михаилъ;1857
Викторъ;1838
Осипъ;1838
Алексѣй;1904
Василій;1848
Василій;1854
Владимиръ;1841
Евгеній;1904
Иванъ;1904
Константинъ;1848
Михаилъ;1884
Николай;1904
Сергѣй;1904
Александръ;1892
Евгеній;1865
Иванъ;1865
Николай;1867
Василій;1865
Давидъ;1865
Михаилъ;1899
Стефанъ;1852
Тихонъ;1857
Владимиръ;1904
Сергей;1899
Александръ;1890
Василій;1903
Александръ;1904
Леонидъ;1904
Николай;1904
Петръ;1904
Евгегній;1904
Степанъ;1846
Петръ;1840
Александръ;1896
Иванъ;1889
Василій;1851
Владиміръ;1857
Иванъ;1848
Михаилъ;1904
Антонъ;1842
Василій;1845
Василій;1865
Василъ;1841
Иванъ;1846
Іустинъ;1846
Константинъ;1830
Левъ;1859
Леонъ;1848
Мартинъ;1854
Михаилъ;1861
Никаноръ;1857
Николай;1865
Николай;1904
Николай;1879
Осипъ;1848
Павелъ;1858
Степанъ;1845
Яковъ;1852
Василій;1839
Константинъ;1858
Осипъ;1841
Василий;1854
Григорій;1843
Леонтій;1879
Евгеній;1924
Андрей;1921
Иванъ;1841
Николай;1841
Осипъ;1861
Фома;1841
Яковъ;1846
Ѳеодоръ;1845
Иванъ;1845
Николай;1892
Петръ;1892
Игнатій;1845
Іеронимъ;1845
Степанъ;1848
Александръ;1924
Владимиръ;1904
Сергѣй;1904
Владимиръ;1892
Венедиктъ;1848
Всеволодъ;1904
Сергѣй;1904
Петръ;1904
Василій;1904
Николай;1904
Алексѣй;1884
Викторъ;1861
Викторъ;1856
Осипъ;1856
Ѳеофилъ;1856
Вікентій;1841
Григорій;1848
Еммануилъ;1839
Игнатій;1848
Игнатій;1852
Никаноръ;1889
Осипъ;1848
Павелъ;1865
Юліанъ;1855
Антонъ;1904
Григорій;1839
Иванъ;1904
Клавдій;1924
Антонъ;1845
Иванъ;1852
Иванъ;1855
Никифоръ;1924
Адальберт;1838
Андрей;1839
Валеріанъ;1838
Еммануилъ;1838
Еѳсеній;1843
Иванъ;1838
Кипріянъ;1839
Осипъ;1838
Осипъ;1839
Василь;1843
Иванъ;1843
Осипъ;1857
Петръ;1856
Василій;1889
Николай;1880
Осипъ;1854
Александръ;1845
Михаилъ;1854
Осипъ;1854
Гавриілъ;1867
Василій;1845
Іосафъ;1840
Степанъ;1840
Игнатій;1845
Михаилъ;1889
Николай;1861
Антонъ;1865
Григорій;1865
Иванъ;1867
Антонъ;1867
Григорій;1867
Павелъ;1845
Антонъ;1841
Станиславъ;1858
Константинъ;1846
Юльянъ;1848
Иванъ;1855
Константинъ;1852
Михаилъ;1924
Андрей;1846
Иванъ;1846
Иванъ;1865
Андрей;1904
Николай;1858
Александръ;1904
Игнатій;1857
Ѳеодоръ;1924
Лука;1845
Владимиръ;1904
Викторъ;1879
Адамъ;1830
Александръ;1867
Алексѣй;1884
Владимиръ;1855
Вячеславъ;1884
Евгеній;1882
Калисѳенъ;1841
Матѳей;1854
Николай;1844
Николай;1867
Осипъ;1830
Петръ;1845
Платонъ;1854
Станиславъ;1841
Юліанъ;1889
Юліянъ;1838
Александръ;1867
Викторъ;1867
Владимиръ;1867
Григорій;1867
Романъ;1843
Архипъ;1922
Константинъ;1924
Константинъ;1892
Константинъ;1836
Юліянъ ;1836
Андрей;1864
Антонъ;1859
Гервасій;1843
Евстафій;1865
Иванъ;1843
Константинъ;1838
Николай;1879
Осипъ;1848
Петръ;1848
Петръ;1854
Юліанъ;1838
Александръ;1899
Владимиръ;1899
Петръ;1891
Николай;1858
Илія;1924
Ѳеодоръ;1924
Осипъ;1846
Георгій;1904
Антонъ;1840
Евгеній;1922
Иванъ;1899
Константинъ;1899
Станиславъ;1843
Константинъ;1838
Борисъ;1904
Вонифатий;1838
Константинъ;1892
Серафимъ;1924
Иванъ;1891
Станиславъ;1891
Антонъ;1838
Викентій;1841
Михаилъ;1841
Станиславъ;1856
Иванъ;1857
Иванъ;1857
Николай;1857
Францъ;1857
Ѳеофилъ;1882
Иванъ;1852
Иванъ;1846
Иванъ;1857
Иванъ;1854
Адамъ;1854
Александръ;1864
Иванъ;1851
Исидоръ;1845
Николай;1899
Иванъ;1924
Николай;1859
Осипъ;1867
Павелъ;1841
Павелъ;1845
Петръ;1867
Николай;1867
Александръ;1846
Георгій;1904
Михаилъ;1904
Александръ;1846
Александръ;1852
Архипъ;1922
Иванъ;1838
Исидоръ;1840
Климентъ;1841
Константинъ;1856
Леопольдъ;1841
Лукіанъ;1852
Михаилъ;1922
Николай;1856
Осипъ;1858
Осипъ;1858
Павелъ;1896
Петръ;1922
Феликсъ;1838
Лукіанъ;1854
Сергій;1880
Осипъ;1841
Владимиръ;1867
Михаилъ;1857
Николай;1861
Игнатій;1895
Михаилъ;1858
Николай;1892
Степанъ;1882
Ѳеодосій;1867
Андрей;1848
Андрей;1848
Иванъ;1848
Иванъ;1848
Иванъ;1854
Андрей;1845
Иванъ;1845
Михаилъ;1882
Александръ;1889
Василій;1892
Иванъ;1892
Игнатій;1899
Адамъ;1845
Александръ;1856
Александръ;1857
Иванъ;1854
Іосифъ;1845
Кліментъ;1845
Константинъ;1855
Петръ;1889
Степанъ;1904
Владимиръ;1889
Лукьян;1848
Михаилъ;1879
Сергѣй;1882
Леонидъ;1867
Лудвикъ;1838
Савватій;1852
Степанъ;1865
Осипъ;1857
Осипъ;1857
Павелъ;1922
Адамъ;1854
Антонъ;1922
Антоній;1845
Григорій;1895
Осипъ;1841
Карлъ;1836
Игнатій;1898
Михаилъ;1852
Платонъ;1857
Владиславъ;1843
Александръ;1904
Василій;1838
Василій;1856
Николай;1884
Петръ;1904
Александръ;1838
Василій;1830
Осипъ;1838
Василій;1904
Титъ;1841
Болеславъ;1848
Евгеній;1904
Николай;1904
Владимиръ;1924
Степанъ;1904
Александръ;1904
Евгегній;1904
Михаилъ;1924
Антоній;1899
Александръ;1838
Брониславъ;1848
Казиміръ;1892
Василій;1882
Константинъ;1902
Дмитрій;1922
Іосифъ;1924
Максимилиан;1857
Максимилиан;1857
Осипъ;1891
Александръ;1845
Константинъ;1838
Осипъ;1840
Сергѣй;1884
Иларіонъ;1865
Владиславъ;1843
Иванъ;1845
Константинъ;1838
Константинъ;1845
Титъ;1848
Яковъ;1845
Константинъ;1836
Николай;1904
Александръ;1854
Александръ;1856
Алексѣй;1856
Викторъ;1865
Владимиръ;1921
Владиміръ;1882
Иванъ;1861
Иосифъ;1889
Іосифъ;1841
Казимиръ;1838
Казиміръ;1836
Келестинъ;1858
Константинъ;1848
Константинъ;1854
Левъ;1858
Михаилъ;1889
Николай;1889
Осипъ;1848
Павелъ;1915
Павелъ;1880
Тимоѳей;1889
Яковъ;1854
Ярославъ;1884
Ѳеодоръ;1889
Адріанъ;1843
Александръ;1839
Анатолій;1889
Андрей;1830
Антонъ;1840
Антонъ;1841
Антонъ;1924
Викторъ;1889
Владимиръ;1924
Владыславъ;1838
Иванъ;1838
Иванъ;1889
Іосифъ;1854
Капитонъ;1841
Климентій;1838
Константинъ;1839
Константинъ;1852
Константинъ;1856
Константинъ;1889
Михаилъ;1895
Михайло;1840
Николай;1845
Николай;1852
Николай;1867
Онуфрій;1839
Осипъ;1854
Платонъ;1867
Степанъ;1857
Степанъ;1861
Димитрій;1904
Сергѣй;1904
Константинъ;1858
Михаилъ;1864
Александръ;1866
Викторъ;1840
Іосифъ;1857
Василій;1922
Маркеллъ;1904
Александръ;1902
Анатолій;1879
Антонъ;1858
Арсеній;1865
Василій;1924
Михаилъ;1924
Осипъ;1838
Осипъ;1841
Станиславъ;1939
Юліанъ;1838
Яковъ;1865
Антонъ;1857
Борисъ;1924
Осипъ;1846
Іосифъ;1851
Аркадій;1889
Владиміръ;1882
Александръ;1889
Владимиръ;1889
Иванъ;1913
Николай;1902
Павелъ;1898
Аркадій;1904
Иванъ;1856
Николай;1904
Иванъ;1838
Александръ;1865
Константинъ;1865
Ѳедоръ;1840
Осипъ;1891
Осипъ;1845
Николай;1904
Андрей;1854
Андрей;1889
Василій;1867
Осипъ;1838
Петръ;1924
Константинъ;1904
Аркадій;1913
Викторъ;1838
Никаноръ;1845
Никаноръ;1845
Владимиръ;1899
Осипъ ;1845
Казимиръ;1841
Афанасій;1845
Иванъ;1845
Александръ;1867
Борисъ;1904
Петръ;1904
Василій;1924
Сергѣй;1922
Григорій;1904
Николай;1884
Константинъ;1858
Иванъ;1867
Іустинъ;1867
Николай;1922
Михаилъ;1904
Андрей;1910
Семенъ;1840
АПОЛЛИНАРИЙ;1922
Константинъ;1889
Сергѣй;1922
Владимиръ;1904
Александръ;1904
Александръ;1867
Антонъ;1882
Николай;1858
Михаилъ;1904
Константинъ;1842
Александръ;1924
Владимиръ;1924
Иванъ;1848
Іосифъ;1851
Іосифъ;1889
Михаилъ;1889
Осипъ;1848
Осипъ;1854
Станиславъ;1841
Антонъ ;1843
Игнатій;1848
Фердинандъ;1843
Михаилъ;1867
Юліанъ;1865
Александръ;1856
Александръ;1892
Димитрій;1910
Ѳеодоръ;1895
Алексѣй;1865
Михаилъ;1891
Андрей;1882
Василій;1854
Иванъ;1838
Иванъ;1854
Павелъ;1882
Ѳеодоръ;1846
Василій;1836
Владимиръ;1892
Александръ;1830
Александръ;1838
Антонъ;1843
Василій;1866
Вячеславъ;1892
Ипполитъ;1838
Михаилъ;1852
Михаилъ;1889
Осипъ;1838
Платонъ;1865
Юстинъ;1845
Александръ;1836
Александръ;1865
Александръ;1889
Антонъ;1841
Афанасій;1841
Вячеславъ;1856
Вячеславъ;1889
Генрихъ;1843
Иванъ;1857
Илья;1836
Ипполитъ;1836
Михаилъ;1858
Николай;1854
Николай;1858
Николай;1867
Осипъ;1841
Платонъ;1867
Симеонъ;1867
Александръ;1836
Александръ;1838
Иванъ;1889
Степанъ;1841
Эдвардъ;1836
Юліанъ;1845
Юліянъ ;1836
Александръ;1922
Сергѣй;1904
Николай;1840
Владимиръ;1922
Николай;1924
Михаилъ;1904
Григорій;1882
Михаилъ;1846
Сергѣй;1895
Осипъ;1840
Константинъ;1924
Василій;1924
Иванъ;1922
Викентій;1838
Иванъ;1838
Павелъ;1838
Яковъ;1854
Борисъ;1904
Иванъ;1904
Николай;1904
Яковъ;1858
Константинъ;1857
Владиміръ;1845
Гиляріи;1830
Иларіонъ;1836
Валентинъ;1904
Викторъ;1904
Платонъ;1924
Иванъ ;1835
Иванъ;1889
Александръ;1884
Алексѣй;1856
Викторъ;1890
Владимиръ;1904
Иванъ;1830
Иванъ;1880
Михаилъ;1924
Николай;1884
Сергѣй;1904
Поликарпъ;1845
Иванъ;1867
Павелъ;1884
Александръ;1904
Евгеній;1904
Иванъ;1879
Лука;1882
Николай;1856
Николай;1858
Сімеонъ;1867
Степанъ;1865
Николай;1848
Николай;1854
Яковъ;1841
Александръ;1889
Антоній;1836
Антонъ;1838
Арсеній;1904
Викентій;1846
Владиміръ;1857
Евгеній;1884
Игнатій;1854
Клементій;1836
Кліментій;1839
Константинъ;1854
Константинъ;1857
Левъ;1889
Михаилъ;1854
Николай;1882
Николай;1889
Осипъ;1836
Павелъ;1836
Петръ;1836
Иванъ;1922
Михаилъ;1857
Антонъ;1879
Владимиръ;1913
Ромуалдъ ;1838
Збигнѣв;1836
Ярославъ;1836
Иванъ;1839
Осипъ;1839
Антоній;1841
Владимиръ;1864
Всеволодъ;1889
Деметій;1838
Константинъ;1839
Николай;1865
Эдуардъ;1839
Ѳадей;1838
Адамъ;1854
Михаилъ;1854
Михаилъ;1839
Николай;1904
Петръ;1924
Виталій;1924
Михаилъ;1904
Михаилъ;1858
Адамъ;1854
Василій;1854
Владиміръ;1884
Игнатій;1867
Михаилъ;1853
Михаилъ;1854
Николай;1889
Степанъ;1864
Ѳома;1858
Аполинарій;1890
Левъ;1839
Василій;1861
Евгеній;1865
Владимиръ;1904
Евгеній;1866
Іустинъ;1867
Константинъ;1841
Константинъ;1904
Левъ;1857
Лука;1882
Михаилъ;1884
Никаноръ;1884
Николай;1865
Степанъ;1858
Филиппъ;1852
Андрей;1899
Борисъ;1924
Василій;1924
Георгій;1924
Глебъ;1904
Константинъ;1854
Леонидъ;1924
Николай;1855
Николай;1904
Арсеній;1891
Николай;1891
Иванъ;1840
Хрисанфъ;1859
Александръ;1841
Александръ;1867
Володиміръ;1841
Иванъ;1854
Николай;1841
Николай;1867
Хрисанфъ;1865
Ѳеодоръ;1867
Василій;1904
Михаилъ;1899
Павелъ;1843
Павелъ;1840
Михаилъ;1924
Валерій;1839
Іосифъ;1845
Меѳодій;1910
Михаилъ;1839
Осипъ;1839
Ѳаддей;1839
Александръ;1889
Александръ;1889
Андрей;1861
Антоній;1845
Василій;1867
Викентій;1839
Викторъ;1882
Владимиръ;1889
Григорій;1838
Евгеній;1904
Иванъ;1846
Иванъ;1856
Иларіонъ;1854
Константинъ;1867
Лукьянъ;1856
Николай;1854
Осипъ;1858
Осипъ;1867
Павелъ;1882
Петръ;1865
Флоръ;1859
Флоръ;1861
Павелъ;1838
Александръ;1924
Глѣбъ;1924
Иванъ;1924
Николай;1904
Петръ;1904
Алексѣй;1902
Георгій;1856
Павелъ;1922
Александръ;1899
Борисъ;1922
Леонидъ;1922
Александръ;1899
Иванъ;1899
Николай;1899
Юстинъ;1852
Александръ;1838
Антонъ/Антоній;1841
Аѳанасій;1879
Василій;1841
Викентій;1861
Викентій;1924
Иванъ;1852
Иванъ;1857
Иванъ;1858
Константинъ;1856
Константинъ;1865
Левъ;1867
Осипъ;1838
Платонъ;1857
Яннуарій;1864
Ѳома;1836
Николай;1904
Осипъ;1890
Михаилъ;1890
Владимиръ;1892
Николай;1915
Григорій;1841
Левъ;1854
Іоаннъ;1924
Стефанъ;1924
Антонъ;1924
Василій;1852
Гавриілъ;1852
Иванъ;1852
Павелъ;1839
Владимиръ;1852
Михаилъ;1890
Александръ;1855
Владимиръ;1861
Алексѣй;1856
Давидъ;1843
Павелъ;1861
Самсонъ;1855
Ѳеодоръ;1854
Павелъ;1854
Адальберт;1830
Николай;1858
Виталій;1856
Иванъ;1884
Ѳеодоръ;1846
Вячеславъ;1904
Никаноръ;1904
Иванъ;1904
Викентій;1857
Аркадій;1924
Сергѣй;1924
Іоакимъ;1846
Александръ;1857
Игнатій;1857
Михаилъ;1857
Іоакимъ;1845
Осипъ;1854
Константинъ;1858
Іосифъ;1830
Августъ;1867
Александръ;1889
Владимиръ;1864
Іосифъ;1851
Константинъ;1854
Константинъ;1858
Лаврентій;1856
Онуфрій;1856
Осипъ;1838
Платонъ;1856
Филимонъ;1867
Александръ;1904
Яковъ;1839
Владимиръ;1854
Платонъ;1857
Владиміръ;1858
Евгеній;1924
Викентій;1839
Иванъ;1839
Василій;1899
Владимиръ;1865
Гавріилъ;1865
Гавріилъ;1867
Григорій;1882
Николай;1865
Степанъ;1884
Владиміръ;1857
Николай;1857
Степанъ;1895
Александръ;1924
Иванъ;1904
Александръ;1899
Николай;1904
Иванъ;1842
Николай;1845
Антонъ;1840
Афанасій;1842
Августинъ;1841
Павелъ;1854
Августинъ;1838
Антонъ;1854
Владиміръ;1858
Гавріилъ;1857
Димитрій;1889
Иванъ;1852
Игнатій;1830
Іероѳей;1845
Корнилій;1852
Михаилъ;1854
Никита;1854
Николай;1846
Николай;1857
Романъ;1845
Фавстъ;1852
Иванъ;1858
Иванъ;1861
Николай;1845
Онуфрій;1852
Павелъ;1852
Николай;1861
Павелъ;1848
Онуѳрій;1848
Осипъ;1859
Николай;1904
Александръ;1904
Левъ;1846
Леопольдъ;1845
Левъ;1851
Александръ;1904
Иванъ;1904
Николай;1904
Константинъ;1922
Казимиръ;1845
Аполлинарій;1843
Аѳанасій;1841
Василій;1889
Иванъ;1889
Лаврентій;1848
Сампсонъ;1845
Сергѣй;1902
Симеонъ;1843
Стефанъ;1857
Александръ;1884
Іустинъ;1865
Ѳома;1865
Викентій;1838
Григорій;1838
Аполлонъ;1838
Григорій;1836
Игнатій;1864
Михаилъ;1856
Михаилъ;1867
Николай;1865
Ѳеодоръ;1924
Николай;1838
Иванъ;1840
Валеріанъ;1845
Стефанъ;1845
Николай;1904
Августинъ;1854
Адольф;1838
Александръ ;1845
Аристархъ;1843
Вячеславъ;1924
Георгій;1846
Евгеній;1899
Егоръ;1854
Захарій;1841
Ипполитъ;1879
Константинъ;1844
Ксаверій;1840
Николай;1865
Осипъ;1838
Степанъ;1841
Ѳеодоръ;1841
Ѳома;1854
Иванъ;1838
Лука;1864
Осипъ;1838
Владимиръ;1904
Константинъ;1904
Иванъ;1904
Александръ;1904
Василій;1892
Леонтій;1892
Михаилъ;1910
Александръ ;1845
Йоанникъ;1858
Николай;1904
Александръ;1922
Иванъ;1854
Николай;1904
Осипъ;1836
Платонъ;1836
Платонъ ;1845
Георгій;1841
Егоръ;1854
Иванъ;1861
Іосифъ;1841
Константинъ;1841
Лука;1845
Лукиянъ;1843
Людвикъ;1839
Николай;1879
Осипъ;1838
Платонъ;1841
Ѳеодоръ;1867
Августинъ;1857
Александръ;1867
Андрей;1858
Арсеній;1899
Владиміръ;1884
Герасимъ;1889
Иванъ;1841
Иванъ;1841
Иванъ;1899
Игнатій;1882
Кипріянъ;1843
Климентій;1836
Климентій;1838
Константинъ;1884
Левъ;1889
Михаилъ;1864
Наркиссъ;1861
Николай;1836
Николай;1838
Николай;1865
Николай;1867
Осипъ;1854
Протасій;1854
Фаддей;1865
Ѳеофилъ;1858
Александръ;1843
Александръ;1845
Георгій;1841
Иванъ;1841
Илья;1843
Андрей;1855
Иванъ ;1845
Аѳанасій;1856
Василій;1867
Владимиръ;1904
Георгій;1904
Германъ;1882
Митрофанъ;1857
Митрофанъ;1865
Николай;1892
Петръ;1904
Симеонъ;1902
Михаилъ;1856
Михаилъ;1856
Николай;1904
Александръ;1879
Климентій;1838
Михаилъ;1899
Григорій;1845
Иванъ;1852
Тихонъ;1899
Авксентій;1845
Григорій;1845
Вячеславъ;1924
Георгій;1882
Дмитрій;1879
Егоръ;1880
Сергій;1880
Николай;1904
Михаилъ;1838
Иванъ;1865
Антонъ;1841
Осипъ;1836
Клементій;1842
Константинъ;1890
Устинъ;1857
Георгій;1904
Валеріанъ;1845
Валерій;1840
Еронимъ;1845
Иванъ;1839
Иванъ;1867
Ипполитъ;1857
Ипполить;1865
Ипполить;1867
Клементій;1839
Николай;1867
Николай;1867
Пантелеимонъ;1857
Іеронимъ;1848
Велизарій;1899
Іоаннъ;1838
Климентій;1838
Иосифъ;1902
Алексѣй;1884
Адольфъ;1839
Василий;1848
Михаилъ;1841
Осипъ;1839
Семенъ;1842
Игоръ;1904
Ескиллъ;1836
Зеновій;1836
Клементій;1836
Онуфрій;1836
Венедиктъ;1867
Ефимъ;1845
Климентъ;1845
Левъ;1904
Онуфрій;1845
Александръ;1841
Викторъ;1845
Георгій;1904
Александръ;1845
Іосифъ;1845
Михаилъ;1845
Антонъ;1882
Владимиръ;1902
Владимиръ;1889
Александръ;1882
Павелъ;1841
Юліанъ;1841
Ѳеликсъ;1843
Иванъ;1843
Левъ;1843
Михаилъ;1879
Евгеній;1904
Иванъ;1839
Николай;1910
Сильвестръ;1838
Казимиръ;1843
Николай;1857
Александръ;1841
Александръ;1890
Александръ;1861
Леонидъ;1898
Мартинъ;1861
Михаилъ;1855
Феликсъ;1839
Никаноръ;1841
Никифоръ;1841
Николай;1838
Петръ;1840
Иванъ;1845
Иванъ;1845
Левъ;1845
Николай;1892
Петръ;1892
Кессарій;1843
Любомиръ;1841
Владиславъ;1852
Гавріилъ;1899
Іосифъ;1922
Викентій;1845
Владиміръ;1858
Казимиръ;1841
Константинъ;1846
Ксаверій;1838
Осипъ;1838
Павелъ;1848
Платонъ;1841
Константинъ;1867
Осипъ;1867
Осипъ;1854
Леонтій;1899
Антонъ/Антоній;1843
Игоръ;1904
Николай;1854
Павелъ;1840
Александръ;1867
Аѳанасій;1879
Василій;1857
Владимиръ;1867
Германъ;1861
Иванъ;1845
Іуліянъ;1857
Константинъ;1858
Константинъ;1865
Константинъ;1867
Константинъ;1867
Левъ;1867
Митрофанъ;1864
Михаилъ;1898
Николай;1858
Николай;1889
Платонъ;1845
Феофилъ;1867
Яковъ;1846
Антоній;1845
Клементій;1839
Николай;1854
Платонъ;1854
Яковъ;1852
Климентъ;1845
Нилъ;1899
Антонъ;1840
Борисъ;1904
Сергѣй;1904
Евстафій;1854
Михаилъ;1866
Павелъ;1857
Александръ;1889
Григорій;1843
Евгеній;1904
Антонъ;1882
Евстафій;1852
Игнатій;1852
Константинъ;1842
Юліанъ;1836
Венедиктъ;1840
Александръ;1924
Едуардъ;1838
Иванъ;1843
Михаилъ;1843
Эдуардъ;1841
Лукьян;1848
Михаилъ;1841
Михаилъ;1848
Николай;1841
Иванъ;1904
Эдуардъ;1841
Петръ;1836
Петръ;1838
Адольфъ;1841
Николай;1892
Антонъ;1856
Александръ;1904
Степанъ;1904
Макарій;1922
Александръ;1921
Иванъ;1892
Яковъ;1857
Францъ;1841
Іосифъ;1889
Павелъ;1899
Иванъ;1843
Левъ;1844
Леонтій;1891
Викентій;1845
Димитрій;1924
Евгеній;1857
Константинъ;1922
Левъ;1845
Романъ;1846
Александръ;1867
Іоакимъ;1857
Михаилъ;1845
Михайло;1841
Степанъ;1839
Иванъ;1858
Владимиръ;1889
Андрей;1884
Сергій;1889
Павелъ;1884
Адольфъ;1843
Лонгинъ;1845
Фома;1845
Василій;1904
Георгій;1904
Сергей;1899
Алексѣй;1904
Николай;1890
Григорій;1838
Иванъ;1858
Мартинъ;1854
Платонъ;1838
Иванъ ;1845
Борисъ;1904
Иванъ;1838
Симонъ;1830
Антоній;1856
Антонъ;1854
Василъ;1861
Викентій;1841
Иванъ;1838
Иванъ;1848
Иванъ;1867
Иванъ;1867
Игнатій;1852
Ипполитъ;1839
Іоассафъ;1843
Іосифъ;1845
Константинъ;1889
Лука;1841
Михайло;1838
Николай;1857
Онуфрій;1867
Осипъ;1838
Осипъ;1841
Павелъ;1848
Панталимонъ;1843
Платонъ;1857
Стефанъ;1882
Иванъ;1838
Михайло;1838
Осипъ ;1843
Иванъ;1836
Иванъ;1838
Иванъ;1843
Михайло;1836
Ѳеодоръ;1924
Степанъ;1845
Николай;1884
Николай;1896
Платонъ;1846
Аркадій;1924
Романъ;1922
Григорий;1841
Георгій;1924
Николай;1924
Серафимъ;1924
Владимиръ;1852
Василій;1841
Петръ;1892
Николай;1838
Михаилъ;1924
Игнатій;1889
Василій;1843
Владимиръ;1865
Евгеній;1859
Николай;1904
Титъ;1843
Иванъ;1904
Владимиръ;1889
Николай;1892
Доминикъ;1843
Францъ;1843
Прохоръ;1922
Иванъ;1838
Ксенофонтъ;1830
Валентій;1857
Василій;1857
Иванъ;1854
Иванъ;1867
Владиміръ;1859
Василий;1838
Василіий;1836
Францъ;1839
Францъ ;1836
Евгеній;1922
Евгеній;1922
Евлампій;1882
Владимиръ;1899
Осипъ;1839
Степанъ;1939
Целестинъ;1838
Иннокентій;1838
Карлъ;1838
Валеріанъ;1839
Василій;1839
Василій;1841
Ѳеодоръ;1839
Ѳеодоръ;1841
Юлій;1854
Юліанъ;1848
Юлій;1845
Адольф;1842
Александръ;1845
Амосъ;1840
Антонъ;1840
Борисъ;1924
Викентій;1857
Викторъ;1924
Казимиръ;1846
Михаилъ;1865
Степанъ;1867
Титъ;1839
Ѳеодоръ;1889
Димитрій;1904
Иванъ;1924
Іосафъ;1922
Гавріилъ;1904
Антонъ;1843
Владимиръ;1902
Даниілъ;1902
Иванъ;1892
Михаилъ;1889
Александръ;1899
Владимиръ;1896
Сергѣй;1884
Яковъ;1857
Яковъ;1857
Александръ;1846
Григорій;1858
Константинъ;1856
Павелъ;1846
Антонъ;1841
Викентій;1939
Феликсъ;1838
Викентій;1838
Григорій;1843
Петръ;1843
Александръ;1892
Алексѣй;1856
Осипъ;1904
Александръ;1865
Александръ;1855
Григорій;1857
Петръ;1845
Валеріанъ ;1867
Степанъ;1838
Венедиктъ;1865
Владимиръ;1882
Михаилъ;1856
Онуфрій;1865
Петръ;1895
Поликарпъ;1857
Поликарпъ;1858
Александръ;1858
Василій;1838
Владимиръ;1856
Илья;1867
Келестинъ;1939
Лука;1841
Матвей;1841
Николай;1857
Николай;1864
Осипъ;1841
Павелъ;1838
Павелъ;1895
Петръ;1895
Андрей;1867
Матвей;1838
Антонъ;1865
Матвей;1839
Григорій;1845
Іоанникій;1861
Флоръ;1846
Францискъ;1839
Владимиръ;1904
Александръ;1852
Осипъ;1890
Александръ;1845
Ипполитъ;1848
Іоакимъ;1857
Платонъ;1861
Яковъ;1889
Владимиръ;1902
Яковъ;1891
Николай;1857
Иванъ;1841
Александръ;1922
Валерій;1904
Иванъ;1841
Анатолій;1904
Анатолій;1924
Иванъ;1865
Николай;1904
Константинъ;1904
Николай;1904
Анатолій;1922
Иванъ;1865
Стефанъ;1857
Владимиръ;1892
Иванъ;1884
Павелъ;1889
Антонъ;1838
Игнатъ;1843
Климентій;1838
Иванъ;1904
Георгій;1924
Николай;1904
Иванъ;1922
Юльянъ;1848
Казимиръ;1939
Косьма;1841
Семенъ;1838
Косьма;1844
Зиновій;1904
Константинъ;1839
Францъ;1839
Иванъ;1838
Константинъ;1838
Никаноръ;1899
Константинъ;1839
Францъ;1839
Никаноръ;1889
Иванъ;1841
Платонъ;1839
Борисъ;1924
Василій;1848
Василій;1854
Василій ;1889
Вячеславъ;1889
Ѳеодоръ;1866
Георгій;1904
Алексѣй;1922
Николай;1924
Александръ;1922
Александръ;1892
Алексѣй;1857
Александръ;1902
Игнатій;1846
Яковъ;1839
Левъ;1924
Леонтій;1922
Сергѣй;1924
Викентій;1858
Константинъ;1841
Иванъ;1841
Константинъ;1841
Антонъ;1842
Михаилъ;1922
Іосифъ;1922
Константинъ;1924
Иванъ;1839
Платонъ;1839
Александръ;1904
Викторъ;1924
Владимиръ;1904
Платонъ;1841
Сергѣй;1904
Анастасій;1867
Иванъ;1852
Иванъ;1854
Иванъ;1852
Лонгинъ;1922
Стефанъ;1924
Адамъ;1858
Александръ;1857
Иванъ;1866
Михаилъ;1857
Николай;1857
Осипъ;1840
Ѳабіянъ;1840
Владимиръ;1858
Михаилъ;1867
Иванъ;1861
Иванъ;1867
Петръ;1867
Петръ;1836
Адамъ;1845
Андрей;1867
Василій;1839
Гасперъ;1836
Иванъ;1858
Иванъ;1865
Иосифъ;1836
Іосафъ;1841
Карлъ;1841
Климентій;1841
Николай;1843
Николай;1867
Онуфрій;1841
Петръ;1838
Іеронимъ;1838
Іоасафъ;1838
Антонъ;1838
Михаилъ;1924
Олимпій;1904
Александръ;1865
Владимиръ;1857
Фавстъ;1854
Осипъ;1852
Александръ;1856
Николай;1892
Іосифъ;1924
Сергѣй;1904
Владимиръ;1904
Антонъ;1854
Антоній;1924
Григорій;1892
Александръ;1865
Александръ;1867
Антонъ;1843
Викторъ;1843
Емілянъ;1846
Илья;1904
Сергѣй;1904
Ѳеодоръ;1859
Владиміръ;1858
Автономъ;1857
Александръ;1889
Арсеній;1889
Владимиръ;1854
Вячеславъ;1892
Иванъ;1854
Іоакимъ;1838
Карлъ;1838
Кириллъ;1904
Михаилъ;1865
Михаилъ;1867
Николай;1856
Николай;1865
Осипъ;1882
Петръ;1867
Петръ;1889
Платонъ;1856
Стефанъ;1889
Юліанъ;1857
Доминикъ;1843
Борисъ;1924
Николай;1922
Александръ;1865
Епифаній;1899
Василій;1899
Аммосъ;1845
Осипъ;1838
Георгій;1838
Николай;1846
Осипъ;1841
Петръ;1838
Сарапіонъ;1843
Осипъ;1855
Павелъ;1857
Серапіонъ;1845
Александръ;1867
Андрей;1879
Антонъ;1840
Василій;1857
Владимиръ;1867
Владиміръ;1845
Иванъ;1867
Левъ;1845
Лудовикъ;1843
Михаилъ;1855
Платонъ;1841
Романъ;1841
Семенъ;1838
Флоръ;1841
Кипріанъ;1836
Николай;1836
Михаилъ;1884
Владимиръ;1890
Иванъ;1902
Владимиръ;1904
Александръ;1904
Лонгинъ;1843
Лудвикъ;1841
Лудовикъ;1939
Лука;1841
Павелъ;1841
Лонгинъ;1845
Антоній;1845
Антонъ;1838
Антоній;1845
Василій;1846
Михаилъ;1857
Ѳома;1867
Иванъ;1891
Павелъ;1841
Автономъ;1858
Владимиръ;1855
Вячеславъ;1889
Иванъ;1855
Іуліанъ;1858
Владиміръ;1882
Яковъ;1899
Ермилъ;1899
Константинъ;1855
Станиславъ;1839
Степанъ;1904
Егоръ;1845
Иванъ;1854
Константинъ;1882
Осипъ;1848
Андрей;1879
Осипъ;1854
Степанъ;1889
Стефанъ;1889
Павелъ;1838
Аренъ;1841
Николай;1867
Адамъ;1859
Клеоникъ;1852
Николай;1884
Фаддей;1852
Викторъ;1867
Владимиръ;1865
Иванъ;1884
Мелентій;1867
Павелъ;1846
Владимиръ;1889
Ѳавстъ;1854
Василій;1857
Александръ;1848
Андрей;1848
Александръ;1848
Андрей;1848
Андрей;1854
Василій;1924
Александръ;1845
Адальберт;1836
Александръ;1852
Алексѣй;1889
Антонъ;1867
Антонъ;1904
Викторъ;1858
Владимиръ;1845
Иванъ;1838
Ипполитъ;1838
Михаилъ;1867
Алексѣй;1904
Иванъ;1830
Николай;1830
Иванъ;1836
Димитрій;1904
Евгеній;1895
Антонъ;1924
Алексѣй;1924
Николай;1904
Владимиръ;1892
Павелъ;1902
Сергѣй;1924
Александръ;1924
Василий;1939
Казимиръ;1838
Осипъ;1838
Алексѣй;1843
Александръ;1899
Иларіонъ;1924
Димитрій;1890
Григорій;1843
Иванъ;1884
Константинъ;1857
Михаилъ;1891
Николай;1845
Андрей;1899
Иванъ;1845
Степанъ;1899
Адамъ;1902
Иванъ;1843
Игнатій;1854
Казимиръ;1841
Осипъ;1848
Феликсъ;1838
Аникитъ;1857
Степанъ;1838
Николай;1904
Юліанъ;1830
Станиславъ;1891
Августинъ;1848
Алексѣй;1841
Антонъ;1858
Владимиръ;1899
Георгій;1838
Иванъ;1839
Иванъ;1861
Иванъ;1867
Климентъ;1855
Константинъ;1843
Маркеллъ;1838
Михаилъ;1889
Михаилъ;1889
Никаноръ;1861
Николай;1882
Осипъ;1867
Павелъ;1834
Павелъ;1838
Андрей ;1846
Даніилъ;1843
Иванъ;1839
Иванъ;1857
Фатій;1854
Александръ;1864
Николай;1846
Александръ;1839
Богуславъ;1838
Генріхъ;1841
Иванъ;1841
Осипъ;1857
Александръ;1857
Николай;1846
Осипъ;1858
Каллистратъ;1848
Никодимъ;1854
Ѳеодосій;1830
Павелъ;1904
Викентій;1843
Иванъ;1854
Петръ;1841
Фаддей;1841
Андрей;1867
Игнатій;1924
Фатій;1857
Андрей;1856
Афанасій;1903
Афанассій;1882
Дорофей;1882
Фатій;1846
Филоѳей ;1852
Александръ;1904
Николай;1904
Петръ;1904
Захарій;1858
Борисъ;1924
Захарій;1846
Захарій;1867
Павелъ;1924
Василій;1857
Василій;1867
Викентій;1857
Осипъ;1857
Василій;1904
Владимиръ;1866
Василій;1839
Гервасій;1841
Казимиръ;1839
Николай;1841
Осипъ;1839
Титъ;1846
Юліанъ;1841
Иванъ;1921
Константинъ;1838
Модестъ;1921
Василій;1882
Игнатій;1882
Константинъ;1838
Левъ;1889
Титъ;1845
Игнатій;1867
Игнатій;1838
Левъ;1882
Лука;1867
Маркъ;1882
Станиславъ;1830
Станиславъ;1830
Титъ;1839
Дмитрій;1896
Николай;1884
Андрей;1899
Николай;1904
Яковъ;1858
Андрей;1915
Михаилъ;1904
Василій;1902
Александръ;1904
Алексѣй;1904
Михаилъ;1899